# Rhino

g object_1
v 327.67623694467568 21 -50.205114777375172
v 327.67623694467568 18 -50.205114777375172
v 332.67623694467568 18 -50.205114777375172
v 332.67623694467568 21 -50.205114777375172
v 332.67623694467568 21 -59.205114777375172
v 327.67623694467568 21 -59.205114777375172
v 332.67623694467568 18 -59.205114777375172
v 327.67623694467568 18 -59.205114777375172
vn 0 0 1
vn 0 0 1
vn 0 0 1
vn 0 0 1
vn 0 1 0
vn 0 1 0
vn 0 1 0
vn 0 1 0
vn 1 0 0
vn 1 0 0
vn 1 0 0
vn 1 0 0
vn 0 -1 0
vn 0 -1 0
vn 0 -1 0
vn 0 -1 0
vn -1 0 0
vn -1 0 0
vn -1 0 0
vn -1 0 0
vn 0 0 -1
vn 0 0 -1
vn 0 0 -1
vn 0 0 -1
f 1//1 2//2 3//3 4//4
f 1//5 4//6 5//7 6//8
f 4//9 3//10 7//11 5//12
f 3//13 2//14 8//15 7//16
f 2//17 1//18 6//19 8//20
f 6//21 5//22 7//23 8//24
g object_2
v 357.67623694467568 15 -50.205114777375172
v 357.67623694467568 11.999999999999996 -50.205114777375172
v 362.67623694467568 11.999999999999996 -50.205114777375172
v 362.67623694467568 15 -50.205114777375172
v 362.67623694467568 15 -56.205114777375172
v 357.67623694467568 15 -56.205114777375172
v 362.67623694467568 11.999999999999996 -56.205114777375172
v 357.67623694467568 11.999999999999996 -56.205114777375172
vn 0 0 1
vn 0 0 1
vn 0 0 1
vn 0 0 1
vn 0 1 0
vn 0 1 0
vn 0 1 0
vn 0 1 0
vn 1 0 0
vn 1 0 0
vn 1 0 0
vn 1 0 0
vn 0 -1 0
vn 0 -1 0
vn 0 -1 0
vn 0 -1 0
vn -1 0 0
vn -1 0 0
vn -1 0 0
vn -1 0 0
vn 0 0 -1
vn 0 0 -1
vn 0 0 -1
vn 0 0 -1
f 9//25 10//26 11//27 12//28
f 9//29 12//30 13//31 14//32
f 12//33 11//34 15//35 13//36
f 11//37 10//38 16//39 15//40
f 10//41 9//42 14//43 16//44
f 14//45 13//46 15//47 16//48
g object_3
v 317.67623694467568 11.999999999999996 -50.205114777375172
v 317.67623694467568 9 -50.205114777375172
v 322.67623694467568 9 -50.205114777375172
v 322.67623694467568 11.999999999999996 -50.205114777375172
v 322.67623694467568 11.999999999999996 -59.205114777375172
v 317.67623694467568 11.999999999999996 -59.205114777375172
v 322.67623694467568 9 -59.205114777375172
v 317.67623694467568 9 -59.205114777375172
vn 0 0 1
vn 0 0 1
vn 0 0 1
vn 0 0 1
vn 0 1 0
vn 0 1 0
vn 0 1 0
vn 0 1 0
vn 1 0 0
vn 1 0 0
vn 1 0 0
vn 1 0 0
vn 0 -1 0
vn 0 -1 0
vn 0 -1 0
vn 0 -1 0
vn -1 0 0
vn -1 0 0
vn -1 0 0
vn -1 0 0
vn 0 0 -1
vn 0 0 -1
vn 0 0 -1
vn 0 0 -1
f 17//49 18//50 19//51 20//52
f 17//53 20//54 21//55 22//56
f 20//57 19//58 23//59 21//60
f 19//61 18//62 24//63 23//64
f 18//65 17//66 22//67 24//68
f 22//69 21//70 23//71 24//72
g object_4
v 342.67623694467568 11.999999999999996 -50.205114777375172
v 342.67623694467568 9 -50.205114777375172
v 347.67623694467568 9 -50.205114777375172
v 347.67623694467568 11.999999999999996 -50.205114777375172
v 347.67623694467568 11.999999999999996 -57.705114777375172
v 342.67623694467568 11.999999999999996 -57.705114777375172
v 347.67623694467568 9 -57.705114777375172
v 342.67623694467568 9 -57.705114777375172
vn 0 0 1
vn 0 0 1
vn 0 0 1
vn 0 0 1
vn 0 1 0
vn 0 1 0
vn 0 1 0
vn 0 1 0
vn 1 0 0
vn 1 0 0
vn 1 0 0
vn 1 0 0
vn 0 -1 0
vn 0 -1 0
vn 0 -1 0
vn 0 -1 0
vn -1 0 0
vn -1 0 0
vn -1 0 0
vn -1 0 0
vn 0 0 -1
vn 0 0 -1
vn 0 0 -1
vn 0 0 -1
f 25//73 26//74 27//75 28//76
f 25//77 28//78 29//79 30//80
f 28//81 27//82 31//83 29//84
f 27//85 26//86 32//87 31//88
f 26//89 25//90 30//91 32//92
f 30//93 29//94 31//95 32//96
g object_5
v 337.67623694467568 9 -50.205114777375172
v 337.67623694467568 6 -50.205114777375172
v 342.67623694467568 6 -50.205114777375172
v 342.67623694467568 9 -50.205114777375172
v 342.67623694467568 9 -57.705114777375172
v 337.67623694467568 9 -57.705114777375172
v 342.67623694467568 6 -57.705114777375172
v 337.67623694467568 6 -57.705114777375172
vn 0 0 1
vn 0 0 1
vn 0 0 1
vn 0 0 1
vn 0 1 0
vn 0 1 0
vn 0 1 0
vn 0 1 0
vn 1 0 0
vn 1 0 0
vn 1 0 0
vn 1 0 0
vn 0 -1 0
vn 0 -1 0
vn 0 -1 0
vn 0 -1 0
vn -1 0 0
vn -1 0 0
vn -1 0 0
vn -1 0 0
vn 0 0 -1
vn 0 0 -1
vn 0 0 -1
vn 0 0 -1
f 33//97 34//98 35//99 36//100
f 33//101 36//102 37//103 38//104
f 36//105 35//106 39//107 37//108
f 35//109 34//110 40//111 39//112
f 34//113 33//114 38//115 40//116
f 38//117 37//118 39//119 40//120
g object_6
v 357.67623694467568 11.999999999999996 -50.205114777375172
v 357.67623694467568 9 -50.205114777375172
v 362.67623694467568 9 -50.205114777375172
v 362.67623694467568 11.999999999999996 -50.205114777375172
v 362.67623694467568 11.999999999999996 -56.205114777375172
v 357.67623694467568 11.999999999999996 -56.205114777375172
v 362.67623694467568 9 -56.205114777375172
v 357.67623694467568 9 -56.205114777375172
vn 0 0 1
vn 0 0 1
vn 0 0 1
vn 0 0 1
vn 0 1 0
vn 0 1 0
vn 0 1 0
vn 0 1 0
vn 1 0 0
vn 1 0 0
vn 1 0 0
vn 1 0 0
vn 0 -1 0
vn 0 -1 0
vn 0 -1 0
vn 0 -1 0
vn -1 0 0
vn -1 0 0
vn -1 0 0
vn -1 0 0
vn 0 0 -1
vn 0 0 -1
vn 0 0 -1
vn 0 0 -1
f 41//121 42//122 43//123 44//124
f 41//125 44//126 45//127 46//128
f 44//129 43//130 47//131 45//132
f 43//133 42//134 48//135 47//136
f 42//137 41//138 46//139 48//140
f 46//141 45//142 47//143 48//144
g object_7
v 347.67623694467568 9 -50.205114777375172
v 347.67623694467568 6 -50.205114777375172
v 352.67623694467568 6 -50.205114777375172
v 352.67623694467568 9 -50.205114777375172
v 352.67623694467568 9 -59.205114777375172
v 347.67623694467568 9 -59.205114777375172
v 352.67623694467568 6 -59.205114777375172
v 347.67623694467568 6 -59.205114777375172
vn 0 0 1
vn 0 0 1
vn 0 0 1
vn 0 0 1
vn 0 1 0
vn 0 1 0
vn 0 1 0
vn 0 1 0
vn 1 0 0
vn 1 0 0
vn 1 0 0
vn 1 0 0
vn 0 -1 0
vn 0 -1 0
vn 0 -1 0
vn 0 -1 0
vn -1 0 0
vn -1 0 0
vn -1 0 0
vn -1 0 0
vn 0 0 -1
vn 0 0 -1
vn 0 0 -1
vn 0 0 -1
f 49//145 50//146 51//147 52//148
f 49//149 52//150 53//151 54//152
f 52//153 51//154 55//155 53//156
f 51//157 50//158 56//159 55//160
f 50//161 49//162 54//163 56//164
f 54//165 53//166 55//167 56//168
g object_8
v 342.67623694467568 15 -50.205114777375172
v 342.67623694467568 11.999999999999996 -50.205114777375172
v 347.67623694467568 11.999999999999996 -50.205114777375172
v 347.67623694467568 15 -50.205114777375172
v 347.67623694467568 15 -56.205114777375172
v 342.67623694467568 15 -56.205114777375172
v 347.67623694467568 11.999999999999996 -56.205114777375172
v 342.67623694467568 11.999999999999996 -56.205114777375172
vn 0 0 1
vn 0 0 1
vn 0 0 1
vn 0 0 1
vn 0 1 0
vn 0 1 0
vn 0 1 0
vn 0 1 0
vn 1 0 0
vn 1 0 0
vn 1 0 0
vn 1 0 0
vn 0 -1 0
vn 0 -1 0
vn 0 -1 0
vn 0 -1 0
vn -1 0 0
vn -1 0 0
vn -1 0 0
vn -1 0 0
vn 0 0 -1
vn 0 0 -1
vn 0 0 -1
vn 0 0 -1
f 57//169 58//170 59//171 60//172
f 57//173 60//174 61//175 62//176
f 60//177 59//178 63//179 61//180
f 59//181 58//182 64//183 63//184
f 58//185 57//186 62//187 64//188
f 62//189 61//190 63//191 64//192
g object_9
v 327.67623694467568 9 -50.205114777375172
v 327.67623694467568 6 -50.205114777375172
v 332.67623694467568 6 -50.205114777375172
v 332.67623694467568 9 -50.205114777375172
v 332.67623694467568 9 -57.705114777375172
v 327.67623694467568 9 -57.705114777375172
v 332.67623694467568 6 -57.705114777375172
v 327.67623694467568 6 -57.705114777375172
vn 0 0 1
vn 0 0 1
vn 0 0 1
vn 0 0 1
vn 0 1 0
vn 0 1 0
vn 0 1 0
vn 0 1 0
vn 1 0 0
vn 1 0 0
vn 1 0 0
vn 1 0 0
vn 0 -1 0
vn 0 -1 0
vn 0 -1 0
vn 0 -1 0
vn -1 0 0
vn -1 0 0
vn -1 0 0
vn -1 0 0
vn 0 0 -1
vn 0 0 -1
vn 0 0 -1
vn 0 0 -1
f 65//193 66//194 67//195 68//196
f 65//197 68//198 69//199 70//200
f 68//201 67//202 71//203 69//204
f 67//205 66//206 72//207 71//208
f 66//209 65//210 70//211 72//212
f 70//213 69//214 71//215 72//216
g object_10
v 357.67623694467568 21 -50.205114777375172
v 357.67623694467568 18 -50.205114777375172
v 362.67623694467568 18 -50.205114777375172
v 362.67623694467568 21 -50.205114777375172
v 362.67623694467568 21 -57.705114777375172
v 357.67623694467568 21 -57.705114777375172
v 362.67623694467568 18 -57.705114777375172
v 357.67623694467568 18 -57.705114777375172
vn 0 0 1
vn 0 0 1
vn 0 0 1
vn 0 0 1
vn 0 1 0
vn 0 1 0
vn 0 1 0
vn 0 1 0
vn 1 0 0
vn 1 0 0
vn 1 0 0
vn 1 0 0
vn 0 -1 0
vn 0 -1 0
vn 0 -1 0
vn 0 -1 0
vn -1 0 0
vn -1 0 0
vn -1 0 0
vn -1 0 0
vn 0 0 -1
vn 0 0 -1
vn 0 0 -1
vn 0 0 -1
f 73//217 74//218 75//219 76//220
f 73//221 76//222 77//223 78//224
f 76//225 75//226 79//227 77//228
f 75//229 74//230 80//231 79//232
f 74//233 73//234 78//235 80//236
f 78//237 77//238 79//239 80//240
g object_11
v 337.67623694467568 15 -50.205114777375172
v 337.67623694467568 11.999999999999996 -50.205114777375172
v 342.67623694467568 11.999999999999996 -50.205114777375172
v 342.67623694467568 15 -50.205114777375172
v 342.67623694467568 15 -59.205114777375172
v 337.67623694467568 15 -59.205114777375172
v 342.67623694467568 11.999999999999996 -59.205114777375172
v 337.67623694467568 11.999999999999996 -59.205114777375172
vn 0 0 1
vn 0 0 1
vn 0 0 1
vn 0 0 1
vn 0 1 0
vn 0 1 0
vn 0 1 0
vn 0 1 0
vn 1 0 0
vn 1 0 0
vn 1 0 0
vn 1 0 0
vn 0 -1 0
vn 0 -1 0
vn 0 -1 0
vn 0 -1 0
vn -1 0 0
vn -1 0 0
vn -1 0 0
vn -1 0 0
vn 0 0 -1
vn 0 0 -1
vn 0 0 -1
vn 0 0 -1
f 81//241 82//242 83//243 84//244
f 81//245 84//246 85//247 86//248
f 84//249 83//250 87//251 85//252
f 83//253 82//254 88//255 87//256
f 82//257 81//258 86//259 88//260
f 86//261 85//262 87//263 88//264
g object_12
v 332.67623694467568 18 -50.205114777375172
v 332.67623694467568 15 -50.205114777375172
v 337.67623694467568 15 -50.205114777375172
v 337.67623694467568 18 -50.205114777375172
v 337.67623694467568 18 -56.205114777375172
v 332.67623694467568 18 -56.205114777375172
v 337.67623694467568 15 -56.205114777375172
v 332.67623694467568 15 -56.205114777375172
vn 0 0 1
vn 0 0 1
vn 0 0 1
vn 0 0 1
vn 0 1 0
vn 0 1 0
vn 0 1 0
vn 0 1 0
vn 1 0 0
vn 1 0 0
vn 1 0 0
vn 1 0 0
vn 0 -1 0
vn 0 -1 0
vn 0 -1 0
vn 0 -1 0
vn -1 0 0
vn -1 0 0
vn -1 0 0
vn -1 0 0
vn 0 0 -1
vn 0 0 -1
vn 0 0 -1
vn 0 0 -1
f 89//265 90//266 91//267 92//268
f 89//269 92//270 93//271 94//272
f 92//273 91//274 95//275 93//276
f 91//277 90//278 96//279 95//280
f 90//281 89//282 94//283 96//284
f 94//285 93//286 95//287 96//288
g object_13
v 342.67623694467568 21 -50.205114777375172
v 342.67623694467568 18 -50.205114777375172
v 347.67623694467568 18 -50.205114777375172
v 347.67623694467568 21 -50.205114777375172
v 347.67623694467568 21 -57.705114777375172
v 342.67623694467568 21 -57.705114777375172
v 347.67623694467568 18 -57.705114777375172
v 342.67623694467568 18 -57.705114777375172
vn 0 0 1
vn 0 0 1
vn 0 0 1
vn 0 0 1
vn 0 1 0
vn 0 1 0
vn 0 1 0
vn 0 1 0
vn 1 0 0
vn 1 0 0
vn 1 0 0
vn 1 0 0
vn 0 -1 0
vn 0 -1 0
vn 0 -1 0
vn 0 -1 0
vn -1 0 0
vn -1 0 0
vn -1 0 0
vn -1 0 0
vn 0 0 -1
vn 0 0 -1
vn 0 0 -1
vn 0 0 -1
f 97//289 98//290 99//291 100//292
f 97//293 100//294 101//295 102//296
f 100//297 99//298 103//299 101//300
f 99//301 98//302 104//303 103//304
f 98//305 97//306 102//307 104//308
f 102//309 101//310 103//311 104//312
g object_14
v 332.67623694467568 11.999999999999996 -50.205114777375172
v 332.67623694467568 9 -50.205114777375172
v 337.67623694467568 9 -50.205114777375172
v 337.67623694467568 11.999999999999996 -50.205114777375172
v 337.67623694467568 11.999999999999996 -57.705114777375172
v 332.67623694467568 11.999999999999996 -57.705114777375172
v 337.67623694467568 9 -57.705114777375172
v 332.67623694467568 9 -57.705114777375172
vn 0 0 1
vn 0 0 1
vn 0 0 1
vn 0 0 1
vn 0 1 0
vn 0 1 0
vn 0 1 0
vn 0 1 0
vn 1 0 0
vn 1 0 0
vn 1 0 0
vn 1 0 0
vn 0 -1 0
vn 0 -1 0
vn 0 -1 0
vn 0 -1 0
vn -1 0 0
vn -1 0 0
vn -1 0 0
vn -1 0 0
vn 0 0 -1
vn 0 0 -1
vn 0 0 -1
vn 0 0 -1
f 105//313 106//314 107//315 108//316
f 105//317 108//318 109//319 110//320
f 108//321 107//322 111//323 109//324
f 107//325 106//326 112//327 111//328
f 106//329 105//330 110//331 112//332
f 110//333 109//334 111//335 112//336
g object_15
v 357.67623694467568 18 -50.205114777375172
v 357.67623694467568 15 -50.205114777375172
v 362.67623694467568 15 -50.205114777375172
v 362.67623694467568 18 -50.205114777375172
v 362.67623694467568 18 -57.705114777375172
v 357.67623694467568 18 -57.705114777375172
v 362.67623694467568 15 -57.705114777375172
v 357.67623694467568 15 -57.705114777375172
vn 0 0 1
vn 0 0 1
vn 0 0 1
vn 0 0 1
vn 0 1 0
vn 0 1 0
vn 0 1 0
vn 0 1 0
vn 1 0 0
vn 1 0 0
vn 1 0 0
vn 1 0 0
vn 0 -1 0
vn 0 -1 0
vn 0 -1 0
vn 0 -1 0
vn -1 0 0
vn -1 0 0
vn -1 0 0
vn -1 0 0
vn 0 0 -1
vn 0 0 -1
vn 0 0 -1
vn 0 0 -1
f 113//337 114//338 115//339 116//340
f 113//341 116//342 117//343 118//344
f 116//345 115//346 119//347 117//348
f 115//349 114//350 120//351 119//352
f 114//353 113//354 118//355 120//356
f 118//357 117//358 119//359 120//360
g object_16
v 347.67623694467568 11.999999999999996 -50.205114777375172
v 347.67623694467568 9 -50.205114777375172
v 352.67623694467568 9 -50.205114777375172
v 352.67623694467568 11.999999999999996 -50.205114777375172
v 352.67623694467568 11.999999999999996 -56.205114777375172
v 347.67623694467568 11.999999999999996 -56.205114777375172
v 352.67623694467568 9 -56.205114777375172
v 347.67623694467568 9 -56.205114777375172
vn 0 0 1
vn 0 0 1
vn 0 0 1
vn 0 0 1
vn 0 1 0
vn 0 1 0
vn 0 1 0
vn 0 1 0
vn 1 0 0
vn 1 0 0
vn 1 0 0
vn 1 0 0
vn 0 -1 0
vn 0 -1 0
vn 0 -1 0
vn 0 -1 0
vn -1 0 0
vn -1 0 0
vn -1 0 0
vn -1 0 0
vn 0 0 -1
vn 0 0 -1
vn 0 0 -1
vn 0 0 -1
f 121//361 122//362 123//363 124//364
f 121//365 124//366 125//367 126//368
f 124//369 123//370 127//371 125//372
f 123//373 122//374 128//375 127//376
f 122//377 121//378 126//379 128//380
f 126//381 125//382 127//383 128//384
g object_17
v 342.67623694467568 9 -50.205114777375172
v 342.67623694467568 6 -50.205114777375172
v 347.67623694467568 6 -50.205114777375172
v 347.67623694467568 9 -50.205114777375172
v 347.67623694467568 9 -57.705114777375172
v 342.67623694467568 9 -57.705114777375172
v 347.67623694467568 6 -57.705114777375172
v 342.67623694467568 6 -57.705114777375172
vn 0 0 1
vn 0 0 1
vn 0 0 1
vn 0 0 1
vn 0 1 0
vn 0 1 0
vn 0 1 0
vn 0 1 0
vn 1 0 0
vn 1 0 0
vn 1 0 0
vn 1 0 0
vn 0 -1 0
vn 0 -1 0
vn 0 -1 0
vn 0 -1 0
vn -1 0 0
vn -1 0 0
vn -1 0 0
vn -1 0 0
vn 0 0 -1
vn 0 0 -1
vn 0 0 -1
vn 0 0 -1
f 129//385 130//386 131//387 132//388
f 129//389 132//390 133//391 134//392
f 132//393 131//394 135//395 133//396
f 131//397 130//398 136//399 135//400
f 130//401 129//402 134//403 136//404
f 134//405 133//406 135//407 136//408
g object_18
v 337.67623694467568 18 -50.205114777375172
v 337.67623694467568 15 -50.205114777375172
v 342.67623694467568 15 -50.205114777375172
v 342.67623694467568 18 -50.205114777375172
v 342.67623694467568 18 -56.205114777375172
v 337.67623694467568 18 -56.205114777375172
v 342.67623694467568 15 -56.205114777375172
v 337.67623694467568 15 -56.205114777375172
vn 0 0 1
vn 0 0 1
vn 0 0 1
vn 0 0 1
vn 0 1 0
vn 0 1 0
vn 0 1 0
vn 0 1 0
vn 1 0 0
vn 1 0 0
vn 1 0 0
vn 1 0 0
vn 0 -1 0
vn 0 -1 0
vn 0 -1 0
vn 0 -1 0
vn -1 0 0
vn -1 0 0
vn -1 0 0
vn -1 0 0
vn 0 0 -1
vn 0 0 -1
vn 0 0 -1
vn 0 0 -1
f 137//409 138//410 139//411 140//412
f 137//413 140//414 141//415 142//416
f 140//417 139//418 143//419 141//420
f 139//421 138//422 144//423 143//424
f 138//425 137//426 142//427 144//428
f 142//429 141//430 143//431 144//432
g object_19
v 327.67623694467568 11.999999999999996 -50.205114777375172
v 327.67623694467568 9 -50.205114777375172
v 332.67623694467568 9 -50.205114777375172
v 332.67623694467568 11.999999999999996 -50.205114777375172
v 332.67623694467568 11.999999999999996 -56.205114777375172
v 327.67623694467568 11.999999999999996 -56.205114777375172
v 332.67623694467568 9 -56.205114777375172
v 327.67623694467568 9 -56.205114777375172
vn 0 0 1
vn 0 0 1
vn 0 0 1
vn 0 0 1
vn 0 1 0
vn 0 1 0
vn 0 1 0
vn 0 1 0
vn 1 0 0
vn 1 0 0
vn 1 0 0
vn 1 0 0
vn 0 -1 0
vn 0 -1 0
vn 0 -1 0
vn 0 -1 0
vn -1 0 0
vn -1 0 0
vn -1 0 0
vn -1 0 0
vn 0 0 -1
vn 0 0 -1
vn 0 0 -1
vn 0 0 -1
f 145//433 146//434 147//435 148//436
f 145//437 148//438 149//439 150//440
f 148//441 147//442 151//443 149//444
f 147//445 146//446 152//447 151//448
f 146//449 145//450 150//451 152//452
f 150//453 149//454 151//455 152//456
g object_20
v 327.67623694467568 18 -50.205114777375172
v 327.67623694467568 15 -50.205114777375172
v 332.67623694467568 15 -50.205114777375172
v 332.67623694467568 18 -50.205114777375172
v 332.67623694467568 18 -59.205114777375172
v 327.67623694467568 18 -59.205114777375172
v 332.67623694467568 15 -59.205114777375172
v 327.67623694467568 15 -59.205114777375172
vn 0 0 1
vn 0 0 1
vn 0 0 1
vn 0 0 1
vn 0 1 0
vn 0 1 0
vn 0 1 0
vn 0 1 0
vn 1 0 0
vn 1 0 0
vn 1 0 0
vn 1 0 0
vn 0 -1 0
vn 0 -1 0
vn 0 -1 0
vn 0 -1 0
vn -1 0 0
vn -1 0 0
vn -1 0 0
vn -1 0 0
vn 0 0 -1
vn 0 0 -1
vn 0 0 -1
vn 0 0 -1
f 153//457 154//458 155//459 156//460
f 153//461 156//462 157//463 158//464
f 156//465 155//466 159//467 157//468
f 155//469 154//470 160//471 159//472
f 154//473 153//474 158//475 160//476
f 158//477 157//478 159//479 160//480
g object_21
v 322.67623694467568 21 -50.205114777375172
v 322.67623694467568 18 -50.205114777375172
v 327.67623694467568 18 -50.205114777375172
v 327.67623694467568 21 -50.205114777375172
v 327.67623694467568 21 -59.205114777375172
v 322.67623694467568 21 -59.205114777375172
v 327.67623694467568 18 -59.205114777375172
v 322.67623694467568 18 -59.205114777375172
vn 0 0 1
vn 0 0 1
vn 0 0 1
vn 0 0 1
vn 0 1 0
vn 0 1 0
vn 0 1 0
vn 0 1 0
vn 1 0 0
vn 1 0 0
vn 1 0 0
vn 1 0 0
vn 0 -1 0
vn 0 -1 0
vn 0 -1 0
vn 0 -1 0
vn -1 0 0
vn -1 0 0
vn -1 0 0
vn -1 0 0
vn 0 0 -1
vn 0 0 -1
vn 0 0 -1
vn 0 0 -1
f 161//481 162//482 163//483 164//484
f 161//485 164//486 165//487 166//488
f 164//489 163//490 167//491 165//492
f 163//493 162//494 168//495 167//496
f 162//497 161//498 166//499 168//500
f 166//501 165//502 167//503 168//504
g object_22
v 352.67623694467568 9 -50.205114777375172
v 352.67623694467568 6 -50.205114777375172
v 357.67623694467568 6 -50.205114777375172
v 357.67623694467568 9 -50.205114777375172
v 357.67623694467568 9 -56.205114777375172
v 352.67623694467568 9 -56.205114777375172
v 357.67623694467568 6 -56.205114777375172
v 352.67623694467568 6 -56.205114777375172
vn 0 0 1
vn 0 0 1
vn 0 0 1
vn 0 0 1
vn 0 1 0
vn 0 1 0
vn 0 1 0
vn 0 1 0
vn 1 0 0
vn 1 0 0
vn 1 0 0
vn 1 0 0
vn 0 -1 0
vn 0 -1 0
vn 0 -1 0
vn 0 -1 0
vn -1 0 0
vn -1 0 0
vn -1 0 0
vn -1 0 0
vn 0 0 -1
vn 0 0 -1
vn 0 0 -1
vn 0 0 -1
f 169//505 170//506 171//507 172//508
f 169//509 172//510 173//511 174//512
f 172//513 171//514 175//515 173//516
f 171//517 170//518 176//519 175//520
f 170//521 169//522 174//523 176//524
f 174//525 173//526 175//527 176//528
g object_23
v 342.67623694467568 18 -50.205114777375172
v 342.67623694467568 15 -50.205114777375172
v 347.67623694467568 15 -50.205114777375172
v 347.67623694467568 18 -50.205114777375172
v 347.67623694467568 18 -59.205114777375172
v 342.67623694467568 18 -59.205114777375172
v 347.67623694467568 15 -59.205114777375172
v 342.67623694467568 15 -59.205114777375172
vn 0 0 1
vn 0 0 1
vn 0 0 1
vn 0 0 1
vn 0 1 0
vn 0 1 0
vn 0 1 0
vn 0 1 0
vn 1 0 0
vn 1 0 0
vn 1 0 0
vn 1 0 0
vn 0 -1 0
vn 0 -1 0
vn 0 -1 0
vn 0 -1 0
vn -1 0 0
vn -1 0 0
vn -1 0 0
vn -1 0 0
vn 0 0 -1
vn 0 0 -1
vn 0 0 -1
vn 0 0 -1
f 177//529 178//530 179//531 180//532
f 177//533 180//534 181//535 182//536
f 180//537 179//538 183//539 181//540
f 179//541 178//542 184//543 183//544
f 178//545 177//546 182//547 184//548
f 182//549 181//550 183//551 184//552
g object_24
v 332.67623694467568 9 -50.205114777375172
v 332.67623694467568 6 -50.205114777375172
v 337.67623694467568 6 -50.205114777375172
v 337.67623694467568 9 -50.205114777375172
v 337.67623694467568 9 -59.205114777375172
v 332.67623694467568 9 -59.205114777375172
v 337.67623694467568 6 -59.205114777375172
v 332.67623694467568 6 -59.205114777375172
vn 0 0 1
vn 0 0 1
vn 0 0 1
vn 0 0 1
vn 0 1 0
vn 0 1 0
vn 0 1 0
vn 0 1 0
vn 1 0 0
vn 1 0 0
vn 1 0 0
vn 1 0 0
vn 0 -1 0
vn 0 -1 0
vn 0 -1 0
vn 0 -1 0
vn -1 0 0
vn -1 0 0
vn -1 0 0
vn -1 0 0
vn 0 0 -1
vn 0 0 -1
vn 0 0 -1
vn 0 0 -1
f 185//553 186//554 187//555 188//556
f 185//557 188//558 189//559 190//560
f 188//561 187//562 191//563 189//564
f 187//565 186//566 192//567 191//568
f 186//569 185//570 190//571 192//572
f 190//573 189//574 191//575 192//576
g object_25
v 332.67623694467568 15 -50.205114777375172
v 332.67623694467568 11.999999999999996 -50.205114777375172
v 337.67623694467568 11.999999999999996 -50.205114777375172
v 337.67623694467568 15 -50.205114777375172
v 337.67623694467568 15 -56.205114777375172
v 332.67623694467568 15 -56.205114777375172
v 337.67623694467568 11.999999999999996 -56.205114777375172
v 332.67623694467568 11.999999999999996 -56.205114777375172
vn 0 0 1
vn 0 0 1
vn 0 0 1
vn 0 0 1
vn 0 1 0
vn 0 1 0
vn 0 1 0
vn 0 1 0
vn 1 0 0
vn 1 0 0
vn 1 0 0
vn 1 0 0
vn 0 -1 0
vn 0 -1 0
vn 0 -1 0
vn 0 -1 0
vn -1 0 0
vn -1 0 0
vn -1 0 0
vn -1 0 0
vn 0 0 -1
vn 0 0 -1
vn 0 0 -1
vn 0 0 -1
f 193//577 194//578 195//579 196//580
f 193//581 196//582 197//583 198//584
f 196//585 195//586 199//587 197//588
f 195//589 194//590 200//591 199//592
f 194//593 193//594 198//595 200//596
f 198//597 197//598 199//599 200//600
g object_26
v 357.67623694467568 9 -50.205114777375172
v 357.67623694467568 6 -50.205114777375172
v 362.67623694467568 6 -50.205114777375172
v 362.67623694467568 9 -50.205114777375172
v 362.67623694467568 9 -59.205114777375172
v 357.67623694467568 9 -59.205114777375172
v 362.67623694467568 6 -59.205114777375172
v 357.67623694467568 6 -59.205114777375172
vn 0 0 1
vn 0 0 1
vn 0 0 1
vn 0 0 1
vn 0 1 0
vn 0 1 0
vn 0 1 0
vn 0 1 0
vn 1 0 0
vn 1 0 0
vn 1 0 0
vn 1 0 0
vn 0 -1 0
vn 0 -1 0
vn 0 -1 0
vn 0 -1 0
vn -1 0 0
vn -1 0 0
vn -1 0 0
vn -1 0 0
vn 0 0 -1
vn 0 0 -1
vn 0 0 -1
vn 0 0 -1
f 201//601 202//602 203//603 204//604
f 201//605 204//606 205//607 206//608
f 204//609 203//610 207//611 205//612
f 203//613 202//614 208//615 207//616
f 202//617 201//618 206//619 208//620
f 206//621 205//622 207//623 208//624
g object_27
v 317.67623694467568 9 -50.205114777375172
v 317.67623694467568 6 -50.205114777375172
v 322.67623694467568 6 -50.205114777375172
v 322.67623694467568 9 -50.205114777375172
v 322.67623694467568 9 -56.205114777375172
v 317.67623694467568 9 -56.205114777375172
v 322.67623694467568 6 -56.205114777375172
v 317.67623694467568 6 -56.205114777375172
vn 0 0 1
vn 0 0 1
vn 0 0 1
vn 0 0 1
vn 0 1 0
vn 0 1 0
vn 0 1 0
vn 0 1 0
vn 1 0 0
vn 1 0 0
vn 1 0 0
vn 1 0 0
vn 0 -1 0
vn 0 -1 0
vn 0 -1 0
vn 0 -1 0
vn -1 0 0
vn -1 0 0
vn -1 0 0
vn -1 0 0
vn 0 0 -1
vn 0 0 -1
vn 0 0 -1
vn 0 0 -1
f 209//625 210//626 211//627 212//628
f 209//629 212//630 213//631 214//632
f 212//633 211//634 215//635 213//636
f 211//637 210//638 216//639 215//640
f 210//641 209//642 214//643 216//644
f 214//645 213//646 215//647 216//648
g object_28
v 352.67623694467568 18 -50.205114777375172
v 352.67623694467568 15 -50.205114777375172
v 357.67623694467568 15 -50.205114777375172
v 357.67623694467568 18 -50.205114777375172
v 357.67623694467568 18 -59.205114777375172
v 352.67623694467568 18 -59.205114777375172
v 357.67623694467568 15 -59.205114777375172
v 352.67623694467568 15 -59.205114777375172
vn 0 0 1
vn 0 0 1
vn 0 0 1
vn 0 0 1
vn 0 1 0
vn 0 1 0
vn 0 1 0
vn 0 1 0
vn 1 0 0
vn 1 0 0
vn 1 0 0
vn 1 0 0
vn 0 -1 0
vn 0 -1 0
vn 0 -1 0
vn 0 -1 0
vn -1 0 0
vn -1 0 0
vn -1 0 0
vn -1 0 0
vn 0 0 -1
vn 0 0 -1
vn 0 0 -1
vn 0 0 -1
f 217//649 218//650 219//651 220//652
f 217//653 220//654 221//655 222//656
f 220//657 219//658 223//659 221//660
f 219//661 218//662 224//663 223//664
f 218//665 217//666 222//667 224//668
f 222//669 221//670 223//671 224//672
g object_29
v 337.67623694467568 11.999999999999996 -50.205114777375172
v 337.67623694467568 9 -50.205114777375172
v 342.67623694467568 9 -50.205114777375172
v 342.67623694467568 11.999999999999996 -50.205114777375172
v 342.67623694467568 11.999999999999996 -57.705114777375172
v 337.67623694467568 11.999999999999996 -57.705114777375172
v 342.67623694467568 9 -57.705114777375172
v 337.67623694467568 9 -57.705114777375172
vn 0 0 1
vn 0 0 1
vn 0 0 1
vn 0 0 1
vn 0 1 0
vn 0 1 0
vn 0 1 0
vn 0 1 0
vn 1 0 0
vn 1 0 0
vn 1 0 0
vn 1 0 0
vn 0 -1 0
vn 0 -1 0
vn 0 -1 0
vn 0 -1 0
vn -1 0 0
vn -1 0 0
vn -1 0 0
vn -1 0 0
vn 0 0 -1
vn 0 0 -1
vn 0 0 -1
vn 0 0 -1
f 225//673 226//674 227//675 228//676
f 225//677 228//678 229//679 230//680
f 228//681 227//682 231//683 229//684
f 227//685 226//686 232//687 231//688
f 226//689 225//690 230//691 232//692
f 230//693 229//694 231//695 232//696
g object_30
v 337.67623694467568 21 -50.205114777375172
v 337.67623694467568 18 -50.205114777375172
v 342.67623694467568 18 -50.205114777375172
v 342.67623694467568 21 -50.205114777375172
v 342.67623694467568 21 -57.705114777375172
v 337.67623694467568 21 -57.705114777375172
v 342.67623694467568 18 -57.705114777375172
v 337.67623694467568 18 -57.705114777375172
vn 0 0 1
vn 0 0 1
vn 0 0 1
vn 0 0 1
vn 0 1 0
vn 0 1 0
vn 0 1 0
vn 0 1 0
vn 1 0 0
vn 1 0 0
vn 1 0 0
vn 1 0 0
vn 0 -1 0
vn 0 -1 0
vn 0 -1 0
vn 0 -1 0
vn -1 0 0
vn -1 0 0
vn -1 0 0
vn -1 0 0
vn 0 0 -1
vn 0 0 -1
vn 0 0 -1
vn 0 0 -1
f 233//697 234//698 235//699 236//700
f 233//701 236//702 237//703 238//704
f 236//705 235//706 239//707 237//708
f 235//709 234//710 240//711 239//712
f 234//713 233//714 238//715 240//716
f 238//717 237//718 239//719 240//720
g object_31
v 322.67623694467568 15 -50.205114777375172
v 322.67623694467568 11.999999999999996 -50.205114777375172
v 327.67623694467568 11.999999999999996 -50.205114777375172
v 327.67623694467568 15 -50.205114777375172
v 327.67623694467568 15 -56.205114777375172
v 322.67623694467568 15 -56.205114777375172
v 327.67623694467568 11.999999999999996 -56.205114777375172
v 322.67623694467568 11.999999999999996 -56.205114777375172
vn 0 0 1
vn 0 0 1
vn 0 0 1
vn 0 0 1
vn 0 1 0
vn 0 1 0
vn 0 1 0
vn 0 1 0
vn 1 0 0
vn 1 0 0
vn 1 0 0
vn 1 0 0
vn 0 -1 0
vn 0 -1 0
vn 0 -1 0
vn 0 -1 0
vn -1 0 0
vn -1 0 0
vn -1 0 0
vn -1 0 0
vn 0 0 -1
vn 0 0 -1
vn 0 0 -1
vn 0 0 -1
f 241//721 242//722 243//723 244//724
f 241//725 244//726 245//727 246//728
f 244//729 243//730 247//731 245//732
f 243//733 242//734 248//735 247//736
f 242//737 241//738 246//739 248//740
f 246//741 245//742 247//743 248//744
g object_32
v 327.67623694467568 15 -50.205114777375172
v 327.67623694467568 11.999999999999996 -50.205114777375172
v 332.67623694467568 11.999999999999996 -50.205114777375172
v 332.67623694467568 15 -50.205114777375172
v 332.67623694467568 15 -59.205114777375172
v 327.67623694467568 15 -59.205114777375172
v 332.67623694467568 11.999999999999996 -59.205114777375172
v 327.67623694467568 11.999999999999996 -59.205114777375172
vn 0 0 1
vn 0 0 1
vn 0 0 1
vn 0 0 1
vn 0 1 0
vn 0 1 0
vn 0 1 0
vn 0 1 0
vn 1 0 0
vn 1 0 0
vn 1 0 0
vn 1 0 0
vn 0 -1 0
vn 0 -1 0
vn 0 -1 0
vn 0 -1 0
vn -1 0 0
vn -1 0 0
vn -1 0 0
vn -1 0 0
vn 0 0 -1
vn 0 0 -1
vn 0 0 -1
vn 0 0 -1
f 249//745 250//746 251//747 252//748
f 249//749 252//750 253//751 254//752
f 252//753 251//754 255//755 253//756
f 251//757 250//758 256//759 255//760
f 250//761 249//762 254//763 256//764
f 254//765 253//766 255//767 256//768
g object_33
v 347.67623694467568 21 -50.205114777375172
v 347.67623694467568 18 -50.205114777375172
v 352.67623694467568 18 -50.205114777375172
v 352.67623694467568 21 -50.205114777375172
v 352.67623694467568 21 -59.205114777375172
v 347.67623694467568 21 -59.205114777375172
v 352.67623694467568 18 -59.205114777375172
v 347.67623694467568 18 -59.205114777375172
vn 0 0 1
vn 0 0 1
vn 0 0 1
vn 0 0 1
vn 0 1 0
vn 0 1 0
vn 0 1 0
vn 0 1 0
vn 1 0 0
vn 1 0 0
vn 1 0 0
vn 1 0 0
vn 0 -1 0
vn 0 -1 0
vn 0 -1 0
vn 0 -1 0
vn -1 0 0
vn -1 0 0
vn -1 0 0
vn -1 0 0
vn 0 0 -1
vn 0 0 -1
vn 0 0 -1
vn 0 0 -1
f 257//769 258//770 259//771 260//772
f 257//773 260//774 261//775 262//776
f 260//777 259//778 263//779 261//780
f 259//781 258//782 264//783 263//784
f 258//785 257//786 262//787 264//788
f 262//789 261//790 263//791 264//792
g object_34
v 322.67623694467568 9 -50.205114777375172
v 322.67623694467568 6 -50.205114777375172
v 327.67623694467568 6 -50.205114777375172
v 327.67623694467568 9 -50.205114777375172
v 327.67623694467568 9 -59.205114777375172
v 322.67623694467568 9 -59.205114777375172
v 327.67623694467568 6 -59.205114777375172
v 322.67623694467568 6 -59.205114777375172
vn 0 0 1
vn 0 0 1
vn 0 0 1
vn 0 0 1
vn 0 1 0
vn 0 1 0
vn 0 1 0
vn 0 1 0
vn 1 0 0
vn 1 0 0
vn 1 0 0
vn 1 0 0
vn 0 -1 0
vn 0 -1 0
vn 0 -1 0
vn 0 -1 0
vn -1 0 0
vn -1 0 0
vn -1 0 0
vn -1 0 0
vn 0 0 -1
vn 0 0 -1
vn 0 0 -1
vn 0 0 -1
f 265//793 266//794 267//795 268//796
f 265//797 268//798 269//799 270//800
f 268//801 267//802 271//803 269//804
f 267//805 266//806 272//807 271//808
f 266//809 265//810 270//811 272//812
f 270//813 269//814 271//815 272//816
g object_35
v 347.67623694467568 18 -50.205114777375172
v 347.67623694467568 15 -50.205114777375172
v 352.67623694467568 15 -50.205114777375172
v 352.67623694467568 18 -50.205114777375172
v 352.67623694467568 18 -56.205114777375172
v 347.67623694467568 18 -56.205114777375172
v 352.67623694467568 15 -56.205114777375172
v 347.67623694467568 15 -56.205114777375172
vn 0 0 1
vn 0 0 1
vn 0 0 1
vn 0 0 1
vn 0 1 0
vn 0 1 0
vn 0 1 0
vn 0 1 0
vn 1 0 0
vn 1 0 0
vn 1 0 0
vn 1 0 0
vn 0 -1 0
vn 0 -1 0
vn 0 -1 0
vn 0 -1 0
vn -1 0 0
vn -1 0 0
vn -1 0 0
vn -1 0 0
vn 0 0 -1
vn 0 0 -1
vn 0 0 -1
vn 0 0 -1
f 273//817 274//818 275//819 276//820
f 273//821 276//822 277//823 278//824
f 276//825 275//826 279//827 277//828
f 275//829 274//830 280//831 279//832
f 274//833 273//834 278//835 280//836
f 278//837 277//838 279//839 280//840
g object_36
v 352.67623694467568 11.999999999999996 -50.205114777375172
v 352.67623694467568 9 -50.205114777375172
v 357.67623694467568 9 -50.205114777375172
v 357.67623694467568 11.999999999999996 -50.205114777375172
v 357.67623694467568 11.999999999999996 -57.705114777375172
v 352.67623694467568 11.999999999999996 -57.705114777375172
v 357.67623694467568 9 -57.705114777375172
v 352.67623694467568 9 -57.705114777375172
vn 0 0 1
vn 0 0 1
vn 0 0 1
vn 0 0 1
vn 0 1 0
vn 0 1 0
vn 0 1 0
vn 0 1 0
vn 1 0 0
vn 1 0 0
vn 1 0 0
vn 1 0 0
vn 0 -1 0
vn 0 -1 0
vn 0 -1 0
vn 0 -1 0
vn -1 0 0
vn -1 0 0
vn -1 0 0
vn -1 0 0
vn 0 0 -1
vn 0 0 -1
vn 0 0 -1
vn 0 0 -1
f 281//841 282//842 283//843 284//844
f 281//845 284//846 285//847 286//848
f 284//849 283//850 287//851 285//852
f 283//853 282//854 288//855 287//856
f 282//857 281//858 286//859 288//860
f 286//861 285//862 287//863 288//864
g object_37
v 352.67623694467568 15 -50.205114777375172
v 352.67623694467568 11.999999999999996 -50.205114777375172
v 357.67623694467568 11.999999999999996 -50.205114777375172
v 357.67623694467568 15 -50.205114777375172
v 357.67623694467568 15 -57.705114777375172
v 352.67623694467568 15 -57.705114777375172
v 357.67623694467568 11.999999999999996 -57.705114777375172
v 352.67623694467568 11.999999999999996 -57.705114777375172
vn 0 0 1
vn 0 0 1
vn 0 0 1
vn 0 0 1
vn 0 1 0
vn 0 1 0
vn 0 1 0
vn 0 1 0
vn 1 0 0
vn 1 0 0
vn 1 0 0
vn 1 0 0
vn 0 -1 0
vn 0 -1 0
vn 0 -1 0
vn 0 -1 0
vn -1 0 0
vn -1 0 0
vn -1 0 0
vn -1 0 0
vn 0 0 -1
vn 0 0 -1
vn 0 0 -1
vn 0 0 -1
f 289//865 290//866 291//867 292//868
f 289//869 292//870 293//871 294//872
f 292//873 291//874 295//875 293//876
f 291//877 290//878 296//879 295//880
f 290//881 289//882 294//883 296//884
f 294//885 293//886 295//887 296//888
g object_38
v 322.67623694467568 11.999999999999996 -50.205114777375172
v 322.67623694467568 9 -50.205114777375172
v 327.67623694467568 9 -50.205114777375172
v 327.67623694467568 11.999999999999996 -50.205114777375172
v 327.67623694467568 11.999999999999996 -57.705114777375172
v 322.67623694467568 11.999999999999996 -57.705114777375172
v 327.67623694467568 9 -57.705114777375172
v 322.67623694467568 9 -57.705114777375172
vn 0 0 1
vn 0 0 1
vn 0 0 1
vn 0 0 1
vn 0 1 0
vn 0 1 0
vn 0 1 0
vn 0 1 0
vn 1 0 0
vn 1 0 0
vn 1 0 0
vn 1 0 0
vn 0 -1 0
vn 0 -1 0
vn 0 -1 0
vn 0 -1 0
vn -1 0 0
vn -1 0 0
vn -1 0 0
vn -1 0 0
vn 0 0 -1
vn 0 0 -1
vn 0 0 -1
vn 0 0 -1
f 297//889 298//890 299//891 300//892
f 297//893 300//894 301//895 302//896
f 300//897 299//898 303//899 301//900
f 299//901 298//902 304//903 303//904
f 298//905 297//906 302//907 304//908
f 302//909 301//910 303//911 304//912
g object_39
v 327.67623694467568 9 -47.205114777375172
v 327.67623694467568 12 -47.205114777375172
v 332.67623694467568 12 -47.205114777375172
v 332.67623694467568 9 -47.205114777375172
v 332.67623694467568 9 -41.205114777375172
v 327.67623694467568 9 -41.205114777375172
v 332.67623694467568 12 -41.205114777375172
v 327.67623694467568 12 -41.205114777375172
vn 0 0 -1
vn 0 0 -1
vn 0 0 -1
vn 0 0 -1
vn 0 -1 0
vn 0 -1 0
vn 0 -1 0
vn 0 -1 0
vn 1 0 0
vn 1 0 0
vn 1 0 0
vn 1 0 0
vn 0 1 0
vn 0 1 0
vn 0 1 0
vn 0 1 0
vn -1 0 0
vn -1 0 0
vn -1 0 0
vn -1 0 0
vn 0 0 1
vn 0 0 1
vn 0 0 1
vn 0 0 1
f 305//913 306//914 307//915 308//916
f 305//917 308//918 309//919 310//920
f 308//921 307//922 311//923 309//924
f 307//925 306//926 312//927 311//928
f 306//929 305//930 310//931 312//932
f 310//933 309//934 311//935 312//936
g object_40
v 357.67623694467568 9 -47.205114777375172
v 357.67623694467568 12 -47.205114777375172
v 362.67623694467568 12 -47.205114777375172
v 362.67623694467568 9 -47.205114777375172
v 362.67623694467568 9 -38.205114777375172
v 357.67623694467568 9 -38.205114777375172
v 362.67623694467568 12 -38.205114777375172
v 357.67623694467568 12 -38.205114777375172
vn 0 0 -1
vn 0 0 -1
vn 0 0 -1
vn 0 0 -1
vn 0 -1 0
vn 0 -1 0
vn 0 -1 0
vn 0 -1 0
vn 1 0 0
vn 1 0 0
vn 1 0 0
vn 1 0 0
vn 0 1 0
vn 0 1 0
vn 0 1 0
vn 0 1 0
vn -1 0 0
vn -1 0 0
vn -1 0 0
vn -1 0 0
vn 0 0 1
vn 0 0 1
vn 0 0 1
vn 0 0 1
f 313//937 314//938 315//939 316//940
f 313//941 316//942 317//943 318//944
f 316//945 315//946 319//947 317//948
f 315//949 314//950 320//951 319//952
f 314//953 313//954 318//955 320//956
f 318//957 317//958 319//959 320//960
g object_41
v 332.67623694467568 12 -47.205114777375172
v 332.67623694467568 15.000000000000002 -47.205114777375172
v 337.67623694467568 15.000000000000002 -47.205114777375172
v 337.67623694467568 12 -47.205114777375172
v 337.67623694467568 12 -41.205114777375172
v 332.67623694467568 12 -41.205114777375172
v 337.67623694467568 15.000000000000002 -41.205114777375172
v 332.67623694467568 15.000000000000002 -41.205114777375172
vn 0 0 -1
vn 0 0 -1
vn 0 0 -1
vn 0 0 -1
vn 0 -1 0
vn 0 -1 0
vn 0 -1 0
vn 0 -1 0
vn 1 0 0
vn 1 0 0
vn 1 0 0
vn 1 0 0
vn 0 1 0
vn 0 1 0
vn 0 1 0
vn 0 1 0
vn -1 0 0
vn -1 0 0
vn -1 0 0
vn -1 0 0
vn 0 0 1
vn 0 0 1
vn 0 0 1
vn 0 0 1
f 321//961 322//962 323//963 324//964
f 321//965 324//966 325//967 326//968
f 324//969 323//970 327//971 325//972
f 323//973 322//974 328//975 327//976
f 322//977 321//978 326//979 328//980
f 326//981 325//982 327//983 328//984
g object_42
v 347.67623694467568 12 -47.205114777375172
v 347.67623694467568 15.000000000000002 -47.205114777375172
v 352.67623694467568 15.000000000000002 -47.205114777375172
v 352.67623694467568 12 -47.205114777375172
v 352.67623694467568 12 -39.705114777375172
v 347.67623694467568 12 -39.705114777375172
v 352.67623694467568 15.000000000000002 -39.705114777375172
v 347.67623694467568 15.000000000000002 -39.705114777375172
vn 0 0 -1
vn 0 0 -1
vn 0 0 -1
vn 0 0 -1
vn 0 -1 0
vn 0 -1 0
vn 0 -1 0
vn 0 -1 0
vn 1 0 0
vn 1 0 0
vn 1 0 0
vn 1 0 0
vn 0 1 0
vn 0 1 0
vn 0 1 0
vn 0 1 0
vn -1 0 0
vn -1 0 0
vn -1 0 0
vn -1 0 0
vn 0 0 1
vn 0 0 1
vn 0 0 1
vn 0 0 1
f 329//985 330//986 331//987 332//988
f 329//989 332//990 333//991 334//992
f 332//993 331//994 335//995 333//996
f 331//997 330//998 336//999 335//1000
f 330//1001 329//1002 334//1003 336//1004
f 334//1005 333//1006 335//1007 336//1008
g object_43
v 347.67623694467568 15.000000000000002 -47.205114777375172
v 347.67623694467568 18 -47.205114777375172
v 352.67623694467568 18 -47.205114777375172
v 352.67623694467568 15.000000000000002 -47.205114777375172
v 352.67623694467568 15.000000000000002 -39.705114777375172
v 347.67623694467568 15.000000000000002 -39.705114777375172
v 352.67623694467568 18 -39.705114777375172
v 347.67623694467568 18 -39.705114777375172
vn 0 0 -1
vn 0 0 -1
vn 0 0 -1
vn 0 0 -1
vn 0 -1 0
vn 0 -1 0
vn 0 -1 0
vn 0 -1 0
vn 1 0 0
vn 1 0 0
vn 1 0 0
vn 1 0 0
vn 0 1 0
vn 0 1 0
vn 0 1 0
vn 0 1 0
vn -1 0 0
vn -1 0 0
vn -1 0 0
vn -1 0 0
vn 0 0 1
vn 0 0 1
vn 0 0 1
vn 0 0 1
f 337//1009 338//1010 339//1011 340//1012
f 337//1013 340//1014 341//1015 342//1016
f 340//1017 339//1018 343//1019 341//1020
f 339//1021 338//1022 344//1023 343//1024
f 338//1025 337//1026 342//1027 344//1028
f 342//1029 341//1030 343//1031 344//1032
g object_44
v 317.67623694467568 18 -47.205114777375172
v 317.67623694467568 21 -47.205114777375172
v 322.67623694467568 21 -47.205114777375172
v 322.67623694467568 18 -47.205114777375172
v 322.67623694467568 18 -41.205114777375172
v 317.67623694467568 18 -41.205114777375172
v 322.67623694467568 21 -41.205114777375172
v 317.67623694467568 21 -41.205114777375172
vn 0 0 -1
vn 0 0 -1
vn 0 0 -1
vn 0 0 -1
vn 0 -1 0
vn 0 -1 0
vn 0 -1 0
vn 0 -1 0
vn 1 0 0
vn 1 0 0
vn 1 0 0
vn 1 0 0
vn 0 1 0
vn 0 1 0
vn 0 1 0
vn 0 1 0
vn -1 0 0
vn -1 0 0
vn -1 0 0
vn -1 0 0
vn 0 0 1
vn 0 0 1
vn 0 0 1
vn 0 0 1
f 345//1033 346//1034 347//1035 348//1036
f 345//1037 348//1038 349//1039 350//1040
f 348//1041 347//1042 351//1043 349//1044
f 347//1045 346//1046 352//1047 351//1048
f 346//1049 345//1050 350//1051 352//1052
f 350//1053 349//1054 351//1055 352//1056
g object_45
v 342.67623694467568 9 -47.205114777375172
v 342.67623694467568 12 -47.205114777375172
v 347.67623694467568 12 -47.205114777375172
v 347.67623694467568 9 -47.205114777375172
v 347.67623694467568 9 -38.205114777375172
v 342.67623694467568 9 -38.205114777375172
v 347.67623694467568 12 -38.205114777375172
v 342.67623694467568 12 -38.205114777375172
vn 0 0 -1
vn 0 0 -1
vn 0 0 -1
vn 0 0 -1
vn 0 -1 0
vn 0 -1 0
vn 0 -1 0
vn 0 -1 0
vn 1 0 0
vn 1 0 0
vn 1 0 0
vn 1 0 0
vn 0 1 0
vn 0 1 0
vn 0 1 0
vn 0 1 0
vn -1 0 0
vn -1 0 0
vn -1 0 0
vn -1 0 0
vn 0 0 1
vn 0 0 1
vn 0 0 1
vn 0 0 1
f 353//1057 354//1058 355//1059 356//1060
f 353//1061 356//1062 357//1063 358//1064
f 356//1065 355//1066 359//1067 357//1068
f 355//1069 354//1070 360//1071 359//1072
f 354//1073 353//1074 358//1075 360//1076
f 358//1077 357//1078 359//1079 360//1080
g object_46
v 327.67623694467568 15.000000000000002 -47.205114777375172
v 327.67623694467568 18 -47.205114777375172
v 332.67623694467568 18 -47.205114777375172
v 332.67623694467568 15.000000000000002 -47.205114777375172
v 332.67623694467568 15.000000000000002 -38.205114777375172
v 327.67623694467568 15.000000000000002 -38.205114777375172
v 332.67623694467568 18 -38.205114777375172
v 327.67623694467568 18 -38.205114777375172
vn 0 0 -1
vn 0 0 -1
vn 0 0 -1
vn 0 0 -1
vn 0 -1 0
vn 0 -1 0
vn 0 -1 0
vn 0 -1 0
vn 1 0 0
vn 1 0 0
vn 1 0 0
vn 1 0 0
vn 0 1 0
vn 0 1 0
vn 0 1 0
vn 0 1 0
vn -1 0 0
vn -1 0 0
vn -1 0 0
vn -1 0 0
vn 0 0 1
vn 0 0 1
vn 0 0 1
vn 0 0 1
f 361//1081 362//1082 363//1083 364//1084
f 361//1085 364//1086 365//1087 366//1088
f 364//1089 363//1090 367//1091 365//1092
f 363//1093 362//1094 368//1095 367//1096
f 362//1097 361//1098 366//1099 368//1100
f 366//1101 365//1102 367//1103 368//1104
g object_47
v 332.67623694467568 9 -47.205114777375172
v 332.67623694467568 12 -47.205114777375172
v 337.67623694467568 12 -47.205114777375172
v 337.67623694467568 9 -47.205114777375172
v 337.67623694467568 9 -39.705114777375172
v 332.67623694467568 9 -39.705114777375172
v 337.67623694467568 12 -39.705114777375172
v 332.67623694467568 12 -39.705114777375172
vn 0 0 -1
vn 0 0 -1
vn 0 0 -1
vn 0 0 -1
vn 0 -1 0
vn 0 -1 0
vn 0 -1 0
vn 0 -1 0
vn 1 0 0
vn 1 0 0
vn 1 0 0
vn 1 0 0
vn 0 1 0
vn 0 1 0
vn 0 1 0
vn 0 1 0
vn -1 0 0
vn -1 0 0
vn -1 0 0
vn -1 0 0
vn 0 0 1
vn 0 0 1
vn 0 0 1
vn 0 0 1
f 369//1105 370//1106 371//1107 372//1108
f 369//1109 372//1110 373//1111 374//1112
f 372//1113 371//1114 375//1115 373//1116
f 371//1117 370//1118 376//1119 375//1120
f 370//1121 369//1122 374//1123 376//1124
f 374//1125 373//1126 375//1127 376//1128
g object_48
v 327.67623694467568 6 -47.205114777375172
v 327.67623694467568 9 -47.205114777375172
v 332.67623694467568 9 -47.205114777375172
v 332.67623694467568 6 -47.205114777375172
v 332.67623694467568 6 -41.205114777375172
v 327.67623694467568 6 -41.205114777375172
v 332.67623694467568 9 -41.205114777375172
v 327.67623694467568 9 -41.205114777375172
vn 0 0 -1
vn 0 0 -1
vn 0 0 -1
vn 0 0 -1
vn 0 -1 0
vn 0 -1 0
vn 0 -1 0
vn 0 -1 0
vn 1 0 0
vn 1 0 0
vn 1 0 0
vn 1 0 0
vn 0 1 0
vn 0 1 0
vn 0 1 0
vn 0 1 0
vn -1 0 0
vn -1 0 0
vn -1 0 0
vn -1 0 0
vn 0 0 1
vn 0 0 1
vn 0 0 1
vn 0 0 1
f 377//1129 378//1130 379//1131 380//1132
f 377//1133 380//1134 381//1135 382//1136
f 380//1137 379//1138 383//1139 381//1140
f 379//1141 378//1142 384//1143 383//1144
f 378//1145 377//1146 382//1147 384//1148
f 382//1149 381//1150 383//1151 384//1152
g object_49
v 357.67623694467568 12 -47.205114777375172
v 357.67623694467568 15.000000000000002 -47.205114777375172
v 362.67623694467568 15.000000000000002 -47.205114777375172
v 362.67623694467568 12 -47.205114777375172
v 362.67623694467568 12 -39.705114777375172
v 357.67623694467568 12 -39.705114777375172
v 362.67623694467568 15.000000000000002 -39.705114777375172
v 357.67623694467568 15.000000000000002 -39.705114777375172
vn 0 0 -1
vn 0 0 -1
vn 0 0 -1
vn 0 0 -1
vn 0 -1 0
vn 0 -1 0
vn 0 -1 0
vn 0 -1 0
vn 1 0 0
vn 1 0 0
vn 1 0 0
vn 1 0 0
vn 0 1 0
vn 0 1 0
vn 0 1 0
vn 0 1 0
vn -1 0 0
vn -1 0 0
vn -1 0 0
vn -1 0 0
vn 0 0 1
vn 0 0 1
vn 0 0 1
vn 0 0 1
f 385//1153 386//1154 387//1155 388//1156
f 385//1157 388//1158 389//1159 390//1160
f 388//1161 387//1162 391//1163 389//1164
f 387//1165 386//1166 392//1167 391//1168
f 386//1169 385//1170 390//1171 392//1172
f 390//1173 389//1174 391//1175 392//1176
g object_50
v 337.67623694467568 12 -47.205114777375172
v 337.67623694467568 15.000000000000002 -47.205114777375172
v 342.67623694467568 15.000000000000002 -47.205114777375172
v 342.67623694467568 12 -47.205114777375172
v 342.67623694467568 12 -41.205114777375172
v 337.67623694467568 12 -41.205114777375172
v 342.67623694467568 15.000000000000002 -41.205114777375172
v 337.67623694467568 15.000000000000002 -41.205114777375172
vn 0 0 -1
vn 0 0 -1
vn 0 0 -1
vn 0 0 -1
vn 0 -1 0
vn 0 -1 0
vn 0 -1 0
vn 0 -1 0
vn 1 0 0
vn 1 0 0
vn 1 0 0
vn 1 0 0
vn 0 1 0
vn 0 1 0
vn 0 1 0
vn 0 1 0
vn -1 0 0
vn -1 0 0
vn -1 0 0
vn -1 0 0
vn 0 0 1
vn 0 0 1
vn 0 0 1
vn 0 0 1
f 393//1177 394//1178 395//1179 396//1180
f 393//1181 396//1182 397//1183 398//1184
f 396//1185 395//1186 399//1187 397//1188
f 395//1189 394//1190 400//1191 399//1192
f 394//1193 393//1194 398//1195 400//1196
f 398//1197 397//1198 399//1199 400//1200
g object_51
v 357.67623694467568 18 -47.205114777375172
v 357.67623694467568 21 -47.205114777375172
v 362.67623694467568 21 -47.205114777375172
v 362.67623694467568 18 -47.205114777375172
v 362.67623694467568 18 -38.205114777375172
v 357.67623694467568 18 -38.205114777375172
v 362.67623694467568 21 -38.205114777375172
v 357.67623694467568 21 -38.205114777375172
vn 0 0 -1
vn 0 0 -1
vn 0 0 -1
vn 0 0 -1
vn 0 -1 0
vn 0 -1 0
vn 0 -1 0
vn 0 -1 0
vn 1 0 0
vn 1 0 0
vn 1 0 0
vn 1 0 0
vn 0 1 0
vn 0 1 0
vn 0 1 0
vn 0 1 0
vn -1 0 0
vn -1 0 0
vn -1 0 0
vn -1 0 0
vn 0 0 1
vn 0 0 1
vn 0 0 1
vn 0 0 1
f 401//1201 402//1202 403//1203 404//1204
f 401//1205 404//1206 405//1207 406//1208
f 404//1209 403//1210 407//1211 405//1212
f 403//1213 402//1214 408//1215 407//1216
f 402//1217 401//1218 406//1219 408//1220
f 406//1221 405//1222 407//1223 408//1224
g object_52
v 347.67623694467568 6 -47.205114777375172
v 347.67623694467568 9 -47.205114777375172
v 352.67623694467568 9 -47.205114777375172
v 352.67623694467568 6 -47.205114777375172
v 352.67623694467568 6 -38.205114777375172
v 347.67623694467568 6 -38.205114777375172
v 352.67623694467568 9 -38.205114777375172
v 347.67623694467568 9 -38.205114777375172
vn 0 0 -1
vn 0 0 -1
vn 0 0 -1
vn 0 0 -1
vn 0 -1 0
vn 0 -1 0
vn 0 -1 0
vn 0 -1 0
vn 1 0 0
vn 1 0 0
vn 1 0 0
vn 1 0 0
vn 0 1 0
vn 0 1 0
vn 0 1 0
vn 0 1 0
vn -1 0 0
vn -1 0 0
vn -1 0 0
vn -1 0 0
vn 0 0 1
vn 0 0 1
vn 0 0 1
vn 0 0 1
f 409//1225 410//1226 411//1227 412//1228
f 409//1229 412//1230 413//1231 414//1232
f 412//1233 411//1234 415//1235 413//1236
f 411//1237 410//1238 416//1239 415//1240
f 410//1241 409//1242 414//1243 416//1244
f 414//1245 413//1246 415//1247 416//1248
g object_53
v 322.67623694467568 18 -47.205114777375172
v 322.67623694467568 21 -47.205114777375172
v 327.67623694467568 21 -47.205114777375172
v 327.67623694467568 18 -47.205114777375172
v 327.67623694467568 18 -38.205114777375172
v 322.67623694467568 18 -38.205114777375172
v 327.67623694467568 21 -38.205114777375172
v 322.67623694467568 21 -38.205114777375172
vn 0 0 -1
vn 0 0 -1
vn 0 0 -1
vn 0 0 -1
vn 0 -1 0
vn 0 -1 0
vn 0 -1 0
vn 0 -1 0
vn 1 0 0
vn 1 0 0
vn 1 0 0
vn 1 0 0
vn 0 1 0
vn 0 1 0
vn 0 1 0
vn 0 1 0
vn -1 0 0
vn -1 0 0
vn -1 0 0
vn -1 0 0
vn 0 0 1
vn 0 0 1
vn 0 0 1
vn 0 0 1
f 417//1249 418//1250 419//1251 420//1252
f 417//1253 420//1254 421//1255 422//1256
f 420//1257 419//1258 423//1259 421//1260
f 419//1261 418//1262 424//1263 423//1264
f 418//1265 417//1266 422//1267 424//1268
f 422//1269 421//1270 423//1271 424//1272
g object_54
v 322.67623694467568 15.000000000000002 -47.205114777375172
v 322.67623694467568 18 -47.205114777375172
v 327.67623694467568 18 -47.205114777375172
v 327.67623694467568 15.000000000000002 -47.205114777375172
v 327.67623694467568 15.000000000000002 -38.205114777375172
v 322.67623694467568 15.000000000000002 -38.205114777375172
v 327.67623694467568 18 -38.205114777375172
v 322.67623694467568 18 -38.205114777375172
vn 0 0 -1
vn 0 0 -1
vn 0 0 -1
vn 0 0 -1
vn 0 -1 0
vn 0 -1 0
vn 0 -1 0
vn 0 -1 0
vn 1 0 0
vn 1 0 0
vn 1 0 0
vn 1 0 0
vn 0 1 0
vn 0 1 0
vn 0 1 0
vn 0 1 0
vn -1 0 0
vn -1 0 0
vn -1 0 0
vn -1 0 0
vn 0 0 1
vn 0 0 1
vn 0 0 1
vn 0 0 1
f 425//1273 426//1274 427//1275 428//1276
f 425//1277 428//1278 429//1279 430//1280
f 428//1281 427//1282 431//1283 429//1284
f 427//1285 426//1286 432//1287 431//1288
f 426//1289 425//1290 430//1291 432//1292
f 430//1293 429//1294 431//1295 432//1296
g object_55
v 337.67623694467568 15.000000000000002 -47.205114777375172
v 337.67623694467568 18 -47.205114777375172
v 342.67623694467568 18 -47.205114777375172
v 342.67623694467568 15.000000000000002 -47.205114777375172
v 342.67623694467568 15.000000000000002 -41.205114777375172
v 337.67623694467568 15.000000000000002 -41.205114777375172
v 342.67623694467568 18 -41.205114777375172
v 337.67623694467568 18 -41.205114777375172
vn 0 0 -1
vn 0 0 -1
vn 0 0 -1
vn 0 0 -1
vn 0 -1 0
vn 0 -1 0
vn 0 -1 0
vn 0 -1 0
vn 1 0 0
vn 1 0 0
vn 1 0 0
vn 1 0 0
vn 0 1 0
vn 0 1 0
vn 0 1 0
vn 0 1 0
vn -1 0 0
vn -1 0 0
vn -1 0 0
vn -1 0 0
vn 0 0 1
vn 0 0 1
vn 0 0 1
vn 0 0 1
f 433//1297 434//1298 435//1299 436//1300
f 433//1301 436//1302 437//1303 438//1304
f 436//1305 435//1306 439//1307 437//1308
f 435//1309 434//1310 440//1311 439//1312
f 434//1313 433//1314 438//1315 440//1316
f 438//1317 437//1318 439//1319 440//1320
g object_56
v 327.67623694467568 12 -47.205114777375172
v 327.67623694467568 15.000000000000002 -47.205114777375172
v 332.67623694467568 15.000000000000002 -47.205114777375172
v 332.67623694467568 12 -47.205114777375172
v 332.67623694467568 12 -39.705114777375172
v 327.67623694467568 12 -39.705114777375172
v 332.67623694467568 15.000000000000002 -39.705114777375172
v 327.67623694467568 15.000000000000002 -39.705114777375172
vn 0 0 -1
vn 0 0 -1
vn 0 0 -1
vn 0 0 -1
vn 0 -1 0
vn 0 -1 0
vn 0 -1 0
vn 0 -1 0
vn 1 0 0
vn 1 0 0
vn 1 0 0
vn 1 0 0
vn 0 1 0
vn 0 1 0
vn 0 1 0
vn 0 1 0
vn -1 0 0
vn -1 0 0
vn -1 0 0
vn -1 0 0
vn 0 0 1
vn 0 0 1
vn 0 0 1
vn 0 0 1
f 441//1321 442//1322 443//1323 444//1324
f 441//1325 444//1326 445//1327 446//1328
f 444//1329 443//1330 447//1331 445//1332
f 443//1333 442//1334 448//1335 447//1336
f 442//1337 441//1338 446//1339 448//1340
f 446//1341 445//1342 447//1343 448//1344
g object_57
v 352.67623694467568 6 -47.205114777375172
v 352.67623694467568 9 -47.205114777375172
v 357.67623694467568 9 -47.205114777375172
v 357.67623694467568 6 -47.205114777375172
v 357.67623694467568 6 -41.205114777375172
v 352.67623694467568 6 -41.205114777375172
v 357.67623694467568 9 -41.205114777375172
v 352.67623694467568 9 -41.205114777375172
vn 0 0 -1
vn 0 0 -1
vn 0 0 -1
vn 0 0 -1
vn 0 -1 0
vn 0 -1 0
vn 0 -1 0
vn 0 -1 0
vn 1 0 0
vn 1 0 0
vn 1 0 0
vn 1 0 0
vn 0 1 0
vn 0 1 0
vn 0 1 0
vn 0 1 0
vn -1 0 0
vn -1 0 0
vn -1 0 0
vn -1 0 0
vn 0 0 1
vn 0 0 1
vn 0 0 1
vn 0 0 1
f 449//1345 450//1346 451//1347 452//1348
f 449//1349 452//1350 453//1351 454//1352
f 452//1353 451//1354 455//1355 453//1356
f 451//1357 450//1358 456//1359 455//1360
f 450//1361 449//1362 454//1363 456//1364
f 454//1365 453//1366 455//1367 456//1368
g object_58
v 337.67623694467568 9 -47.205114777375172
v 337.67623694467568 12 -47.205114777375172
v 342.67623694467568 12 -47.205114777375172
v 342.67623694467568 9 -47.205114777375172
v 342.67623694467568 9 -39.705114777375172
v 337.67623694467568 9 -39.705114777375172
v 342.67623694467568 12 -39.705114777375172
v 337.67623694467568 12 -39.705114777375172
vn 0 0 -1
vn 0 0 -1
vn 0 0 -1
vn 0 0 -1
vn 0 -1 0
vn 0 -1 0
vn 0 -1 0
vn 0 -1 0
vn 1 0 0
vn 1 0 0
vn 1 0 0
vn 1 0 0
vn 0 1 0
vn 0 1 0
vn 0 1 0
vn 0 1 0
vn -1 0 0
vn -1 0 0
vn -1 0 0
vn -1 0 0
vn 0 0 1
vn 0 0 1
vn 0 0 1
vn 0 0 1
f 457//1369 458//1370 459//1371 460//1372
f 457//1373 460//1374 461//1375 462//1376
f 460//1377 459//1378 463//1379 461//1380
f 459//1381 458//1382 464//1383 463//1384
f 458//1385 457//1386 462//1387 464//1388
f 462//1389 461//1390 463//1391 464//1392
g object_59
v 317.67623694467568 9 -47.205114777375172
v 317.67623694467568 12 -47.205114777375172
v 322.67623694467568 12 -47.205114777375172
v 322.67623694467568 9 -47.205114777375172
v 322.67623694467568 9 -39.705114777375172
v 317.67623694467568 9 -39.705114777375172
v 322.67623694467568 12 -39.705114777375172
v 317.67623694467568 12 -39.705114777375172
vn 0 0 -1
vn 0 0 -1
vn 0 0 -1
vn 0 0 -1
vn 0 -1 0
vn 0 -1 0
vn 0 -1 0
vn 0 -1 0
vn 1 0 0
vn 1 0 0
vn 1 0 0
vn 1 0 0
vn 0 1 0
vn 0 1 0
vn 0 1 0
vn 0 1 0
vn -1 0 0
vn -1 0 0
vn -1 0 0
vn -1 0 0
vn 0 0 1
vn 0 0 1
vn 0 0 1
vn 0 0 1
f 465//1393 466//1394 467//1395 468//1396
f 465//1397 468//1398 469//1399 470//1400
f 468//1401 467//1402 471//1403 469//1404
f 467//1405 466//1406 472//1407 471//1408
f 466//1409 465//1410 470//1411 472//1412
f 470//1413 469//1414 471//1415 472//1416
g object_60
v 317.67623694467568 12 -47.205114777375172
v 317.67623694467568 15.000000000000002 -47.205114777375172
v 322.67623694467568 15.000000000000002 -47.205114777375172
v 322.67623694467568 12 -47.205114777375172
v 322.67623694467568 12 -39.705114777375172
v 317.67623694467568 12 -39.705114777375172
v 322.67623694467568 15.000000000000002 -39.705114777375172
v 317.67623694467568 15.000000000000002 -39.705114777375172
vn 0 0 -1
vn 0 0 -1
vn 0 0 -1
vn 0 0 -1
vn 0 -1 0
vn 0 -1 0
vn 0 -1 0
vn 0 -1 0
vn 1 0 0
vn 1 0 0
vn 1 0 0
vn 1 0 0
vn 0 1 0
vn 0 1 0
vn 0 1 0
vn 0 1 0
vn -1 0 0
vn -1 0 0
vn -1 0 0
vn -1 0 0
vn 0 0 1
vn 0 0 1
vn 0 0 1
vn 0 0 1
f 473//1417 474//1418 475//1419 476//1420
f 473//1421 476//1422 477//1423 478//1424
f 476//1425 475//1426 479//1427 477//1428
f 475//1429 474//1430 480//1431 479//1432
f 474//1433 473//1434 478//1435 480//1436
f 478//1437 477//1438 479//1439 480//1440
g object_61
v 317.67623694467568 15.000000000000002 -47.205114777375172
v 317.67623694467568 18 -47.205114777375172
v 322.67623694467568 18 -47.205114777375172
v 322.67623694467568 15.000000000000002 -47.205114777375172
v 322.67623694467568 15.000000000000002 -39.705114777375172
v 317.67623694467568 15.000000000000002 -39.705114777375172
v 322.67623694467568 18 -39.705114777375172
v 317.67623694467568 18 -39.705114777375172
vn 0 0 -1
vn 0 0 -1
vn 0 0 -1
vn 0 0 -1
vn 0 -1 0
vn 0 -1 0
vn 0 -1 0
vn 0 -1 0
vn 1 0 0
vn 1 0 0
vn 1 0 0
vn 1 0 0
vn 0 1 0
vn 0 1 0
vn 0 1 0
vn 0 1 0
vn -1 0 0
vn -1 0 0
vn -1 0 0
vn -1 0 0
vn 0 0 1
vn 0 0 1
vn 0 0 1
vn 0 0 1
f 481//1441 482//1442 483//1443 484//1444
f 481//1445 484//1446 485//1447 486//1448
f 484//1449 483//1450 487//1451 485//1452
f 483//1453 482//1454 488//1455 487//1456
f 482//1457 481//1458 486//1459 488//1460
f 486//1461 485//1462 487//1463 488//1464
g object_62
v 332.67623694467568 6 -47.205114777375172
v 332.67623694467568 9 -47.205114777375172
v 337.67623694467568 9 -47.205114777375172
v 337.67623694467568 6 -47.205114777375172
v 337.67623694467568 6 -39.705114777375172
v 332.67623694467568 6 -39.705114777375172
v 337.67623694467568 9 -39.705114777375172
v 332.67623694467568 9 -39.705114777375172
vn 0 0 -1
vn 0 0 -1
vn 0 0 -1
vn 0 0 -1
vn 0 -1 0
vn 0 -1 0
vn 0 -1 0
vn 0 -1 0
vn 1 0 0
vn 1 0 0
vn 1 0 0
vn 1 0 0
vn 0 1 0
vn 0 1 0
vn 0 1 0
vn 0 1 0
vn -1 0 0
vn -1 0 0
vn -1 0 0
vn -1 0 0
vn 0 0 1
vn 0 0 1
vn 0 0 1
vn 0 0 1
f 489//1465 490//1466 491//1467 492//1468
f 489//1469 492//1470 493//1471 494//1472
f 492//1473 491//1474 495//1475 493//1476
f 491//1477 490//1478 496//1479 495//1480
f 490//1481 489//1482 494//1483 496//1484
f 494//1485 493//1486 495//1487 496//1488
g object_63
v 322.67623694467568 9 -47.205114777375172
v 322.67623694467568 12 -47.205114777375172
v 327.67623694467568 12 -47.205114777375172
v 327.67623694467568 9 -47.205114777375172
v 327.67623694467568 9 -39.705114777375172
v 322.67623694467568 9 -39.705114777375172
v 327.67623694467568 12 -39.705114777375172
v 322.67623694467568 12 -39.705114777375172
vn 0 0 -1
vn 0 0 -1
vn 0 0 -1
vn 0 0 -1
vn 0 -1 0
vn 0 -1 0
vn 0 -1 0
vn 0 -1 0
vn 1 0 0
vn 1 0 0
vn 1 0 0
vn 1 0 0
vn 0 1 0
vn 0 1 0
vn 0 1 0
vn 0 1 0
vn -1 0 0
vn -1 0 0
vn -1 0 0
vn -1 0 0
vn 0 0 1
vn 0 0 1
vn 0 0 1
vn 0 0 1
f 497//1489 498//1490 499//1491 500//1492
f 497//1493 500//1494 501//1495 502//1496
f 500//1497 499//1498 503//1499 501//1500
f 499//1501 498//1502 504//1503 503//1504
f 498//1505 497//1506 502//1507 504//1508
f 502//1509 501//1510 503//1511 504//1512
g object_64
v 342.67623694467568 6 -47.205114777375172
v 342.67623694467568 9 -47.205114777375172
v 347.67623694467568 9 -47.205114777375172
v 347.67623694467568 6 -47.205114777375172
v 347.67623694467568 6 -41.205114777375172
v 342.67623694467568 6 -41.205114777375172
v 347.67623694467568 9 -41.205114777375172
v 342.67623694467568 9 -41.205114777375172
vn 0 0 -1
vn 0 0 -1
vn 0 0 -1
vn 0 0 -1
vn 0 -1 0
vn 0 -1 0
vn 0 -1 0
vn 0 -1 0
vn 1 0 0
vn 1 0 0
vn 1 0 0
vn 1 0 0
vn 0 1 0
vn 0 1 0
vn 0 1 0
vn 0 1 0
vn -1 0 0
vn -1 0 0
vn -1 0 0
vn -1 0 0
vn 0 0 1
vn 0 0 1
vn 0 0 1
vn 0 0 1
f 505//1513 506//1514 507//1515 508//1516
f 505//1517 508//1518 509//1519 510//1520
f 508//1521 507//1522 511//1523 509//1524
f 507//1525 506//1526 512//1527 511//1528
f 506//1529 505//1530 510//1531 512//1532
f 510//1533 509//1534 511//1535 512//1536
g object_65
v 347.67623694467568 9 -47.205114777375172
v 347.67623694467568 12 -47.205114777375172
v 352.67623694467568 12 -47.205114777375172
v 352.67623694467568 9 -47.205114777375172
v 352.67623694467568 9 -41.205114777375172
v 347.67623694467568 9 -41.205114777375172
v 352.67623694467568 12 -41.205114777375172
v 347.67623694467568 12 -41.205114777375172
vn 0 0 -1
vn 0 0 -1
vn 0 0 -1
vn 0 0 -1
vn 0 -1 0
vn 0 -1 0
vn 0 -1 0
vn 0 -1 0
vn 1 0 0
vn 1 0 0
vn 1 0 0
vn 1 0 0
vn 0 1 0
vn 0 1 0
vn 0 1 0
vn 0 1 0
vn -1 0 0
vn -1 0 0
vn -1 0 0
vn -1 0 0
vn 0 0 1
vn 0 0 1
vn 0 0 1
vn 0 0 1
f 513//1537 514//1538 515//1539 516//1540
f 513//1541 516//1542 517//1543 518//1544
f 516//1545 515//1546 519//1547 517//1548
f 515//1549 514//1550 520//1551 519//1552
f 514//1553 513//1554 518//1555 520//1556
f 518//1557 517//1558 519//1559 520//1560
g object_66
v 322.67623694467568 12 -47.205114777375172
v 322.67623694467568 15.000000000000002 -47.205114777375172
v 327.67623694467568 15.000000000000002 -47.205114777375172
v 327.67623694467568 12 -47.205114777375172
v 327.67623694467568 12 -38.205114777375172
v 322.67623694467568 12 -38.205114777375172
v 327.67623694467568 15.000000000000002 -38.205114777375172
v 322.67623694467568 15.000000000000002 -38.205114777375172
vn 0 0 -1
vn 0 0 -1
vn 0 0 -1
vn 0 0 -1
vn 0 -1 0
vn 0 -1 0
vn 0 -1 0
vn 0 -1 0
vn 1 0 0
vn 1 0 0
vn 1 0 0
vn 1 0 0
vn 0 1 0
vn 0 1 0
vn 0 1 0
vn 0 1 0
vn -1 0 0
vn -1 0 0
vn -1 0 0
vn -1 0 0
vn 0 0 1
vn 0 0 1
vn 0 0 1
vn 0 0 1
f 521//1561 522//1562 523//1563 524//1564
f 521//1565 524//1566 525//1567 526//1568
f 524//1569 523//1570 527//1571 525//1572
f 523//1573 522//1574 528//1575 527//1576
f 522//1577 521//1578 526//1579 528//1580
f 526//1581 525//1582 527//1583 528//1584
g object_67
v 317.67623694467568 6 -47.205114777375172
v 317.67623694467568 9 -47.205114777375172
v 322.67623694467568 9 -47.205114777375172
v 322.67623694467568 6 -47.205114777375172
v 322.67623694467568 6 -39.705114777375172
v 317.67623694467568 6 -39.705114777375172
v 322.67623694467568 9 -39.705114777375172
v 317.67623694467568 9 -39.705114777375172
vn 0 0 -1
vn 0 0 -1
vn 0 0 -1
vn 0 0 -1
vn 0 -1 0
vn 0 -1 0
vn 0 -1 0
vn 0 -1 0
vn 1 0 0
vn 1 0 0
vn 1 0 0
vn 1 0 0
vn 0 1 0
vn 0 1 0
vn 0 1 0
vn 0 1 0
vn -1 0 0
vn -1 0 0
vn -1 0 0
vn -1 0 0
vn 0 0 1
vn 0 0 1
vn 0 0 1
vn 0 0 1
f 529//1585 530//1586 531//1587 532//1588
f 529//1589 532//1590 533//1591 534//1592
f 532//1593 531//1594 535//1595 533//1596
f 531//1597 530//1598 536//1599 535//1600
f 530//1601 529//1602 534//1603 536//1604
f 534//1605 533//1606 535//1607 536//1608
g object_68
v 352.67623694467568 9 -47.205114777375172
v 352.67623694467568 12 -47.205114777375172
v 357.67623694467568 12 -47.205114777375172
v 357.67623694467568 9 -47.205114777375172
v 357.67623694467568 9 -39.705114777375172
v 352.67623694467568 9 -39.705114777375172
v 357.67623694467568 12 -39.705114777375172
v 352.67623694467568 12 -39.705114777375172
vn 0 0 -1
vn 0 0 -1
vn 0 0 -1
vn 0 0 -1
vn 0 -1 0
vn 0 -1 0
vn 0 -1 0
vn 0 -1 0
vn 1 0 0
vn 1 0 0
vn 1 0 0
vn 1 0 0
vn 0 1 0
vn 0 1 0
vn 0 1 0
vn 0 1 0
vn -1 0 0
vn -1 0 0
vn -1 0 0
vn -1 0 0
vn 0 0 1
vn 0 0 1
vn 0 0 1
vn 0 0 1
f 537//1609 538//1610 539//1611 540//1612
f 537//1613 540//1614 541//1615 542//1616
f 540//1617 539//1618 543//1619 541//1620
f 539//1621 538//1622 544//1623 543//1624
f 538//1625 537//1626 542//1627 544//1628
f 542//1629 541//1630 543//1631 544//1632
g object_69
v 352.67623694467568 12 -47.205114777375172
v 352.67623694467568 15.000000000000002 -47.205114777375172
v 357.67623694467568 15.000000000000002 -47.205114777375172
v 357.67623694467568 12 -47.205114777375172
v 357.67623694467568 12 -38.205114777375172
v 352.67623694467568 12 -38.205114777375172
v 357.67623694467568 15.000000000000002 -38.205114777375172
v 352.67623694467568 15.000000000000002 -38.205114777375172
vn 0 0 -1
vn 0 0 -1
vn 0 0 -1
vn 0 0 -1
vn 0 -1 0
vn 0 -1 0
vn 0 -1 0
vn 0 -1 0
vn 1 0 0
vn 1 0 0
vn 1 0 0
vn 1 0 0
vn 0 1 0
vn 0 1 0
vn 0 1 0
vn 0 1 0
vn -1 0 0
vn -1 0 0
vn -1 0 0
vn -1 0 0
vn 0 0 1
vn 0 0 1
vn 0 0 1
vn 0 0 1
f 545//1633 546//1634 547//1635 548//1636
f 545//1637 548//1638 549//1639 550//1640
f 548//1641 547//1642 551//1643 549//1644
f 547//1645 546//1646 552//1647 551//1648
f 546//1649 545//1650 550//1651 552//1652
f 550//1653 549//1654 551//1655 552//1656
g object_70
v 352.67623694467568 18 -47.205114777375172
v 352.67623694467568 21 -47.205114777375172
v 357.67623694467568 21 -47.205114777375172
v 357.67623694467568 18 -47.205114777375172
v 357.67623694467568 18 -41.205114777375172
v 352.67623694467568 18 -41.205114777375172
v 357.67623694467568 21 -41.205114777375172
v 352.67623694467568 21 -41.205114777375172
vn 0 0 -1
vn 0 0 -1
vn 0 0 -1
vn 0 0 -1
vn 0 -1 0
vn 0 -1 0
vn 0 -1 0
vn 0 -1 0
vn 1 0 0
vn 1 0 0
vn 1 0 0
vn 1 0 0
vn 0 1 0
vn 0 1 0
vn 0 1 0
vn 0 1 0
vn -1 0 0
vn -1 0 0
vn -1 0 0
vn -1 0 0
vn 0 0 1
vn 0 0 1
vn 0 0 1
vn 0 0 1
f 553//1657 554//1658 555//1659 556//1660
f 553//1661 556//1662 557//1663 558//1664
f 556//1665 555//1666 559//1667 557//1668
f 555//1669 554//1670 560//1671 559//1672
f 554//1673 553//1674 558//1675 560//1676
f 558//1677 557//1678 559//1679 560//1680
g object_71
v 352.67623694467568 15.000000000000002 -47.205114777375172
v 352.67623694467568 18 -47.205114777375172
v 357.67623694467568 18 -47.205114777375172
v 357.67623694467568 15.000000000000002 -47.205114777375172
v 357.67623694467568 15.000000000000002 -38.205114777375172
v 352.67623694467568 15.000000000000002 -38.205114777375172
v 357.67623694467568 18 -38.205114777375172
v 352.67623694467568 18 -38.205114777375172
vn 0 0 -1
vn 0 0 -1
vn 0 0 -1
vn 0 0 -1
vn 0 -1 0
vn 0 -1 0
vn 0 -1 0
vn 0 -1 0
vn 1 0 0
vn 1 0 0
vn 1 0 0
vn 1 0 0
vn 0 1 0
vn 0 1 0
vn 0 1 0
vn 0 1 0
vn -1 0 0
vn -1 0 0
vn -1 0 0
vn -1 0 0
vn 0 0 1
vn 0 0 1
vn 0 0 1
vn 0 0 1
f 561//1681 562//1682 563//1683 564//1684
f 561//1685 564//1686 565//1687 566//1688
f 564//1689 563//1690 567//1691 565//1692
f 563//1693 562//1694 568//1695 567//1696
f 562//1697 561//1698 566//1699 568//1700
f 566//1701 565//1702 567//1703 568//1704
g object_72
v 342.67623694467568 18 -47.205114777375172
v 342.67623694467568 21 -47.205114777375172
v 347.67623694467568 21 -47.205114777375172
v 347.67623694467568 18 -47.205114777375172
v 347.67623694467568 18 -41.205114777375172
v 342.67623694467568 18 -41.205114777375172
v 347.67623694467568 21 -41.205114777375172
v 342.67623694467568 21 -41.205114777375172
vn 0 0 -1
vn 0 0 -1
vn 0 0 -1
vn 0 0 -1
vn 0 -1 0
vn 0 -1 0
vn 0 -1 0
vn 0 -1 0
vn 1 0 0
vn 1 0 0
vn 1 0 0
vn 1 0 0
vn 0 1 0
vn 0 1 0
vn 0 1 0
vn 0 1 0
vn -1 0 0
vn -1 0 0
vn -1 0 0
vn -1 0 0
vn 0 0 1
vn 0 0 1
vn 0 0 1
vn 0 0 1
f 569//1705 570//1706 571//1707 572//1708
f 569//1709 572//1710 573//1711 574//1712
f 572//1713 571//1714 575//1715 573//1716
f 571//1717 570//1718 576//1719 575//1720
f 570//1721 569//1722 574//1723 576//1724
f 574//1725 573//1726 575//1727 576//1728
g object_73
v 342.67623694467568 12 -47.205114777375172
v 342.67623694467568 15.000000000000002 -47.205114777375172
v 347.67623694467568 15.000000000000002 -47.205114777375172
v 347.67623694467568 12 -47.205114777375172
v 347.67623694467568 12 -38.205114777375172
v 342.67623694467568 12 -38.205114777375172
v 347.67623694467568 15.000000000000002 -38.205114777375172
v 342.67623694467568 15.000000000000002 -38.205114777375172
vn 0 0 -1
vn 0 0 -1
vn 0 0 -1
vn 0 0 -1
vn 0 -1 0
vn 0 -1 0
vn 0 -1 0
vn 0 -1 0
vn 1 0 0
vn 1 0 0
vn 1 0 0
vn 1 0 0
vn 0 1 0
vn 0 1 0
vn 0 1 0
vn 0 1 0
vn -1 0 0
vn -1 0 0
vn -1 0 0
vn -1 0 0
vn 0 0 1
vn 0 0 1
vn 0 0 1
vn 0 0 1
f 577//1729 578//1730 579//1731 580//1732
f 577//1733 580//1734 581//1735 582//1736
f 580//1737 579//1738 583//1739 581//1740
f 579//1741 578//1742 584//1743 583//1744
f 578//1745 577//1746 582//1747 584//1748
f 582//1749 581//1750 583//1751 584//1752
g object_74
v 342.67623694467568 15.000000000000002 -47.205114777375172
v 342.67623694467568 18 -47.205114777375172
v 347.67623694467568 18 -47.205114777375172
v 347.67623694467568 15.000000000000002 -47.205114777375172
v 347.67623694467568 15.000000000000002 -41.205114777375172
v 342.67623694467568 15.000000000000002 -41.205114777375172
v 347.67623694467568 18 -41.205114777375172
v 342.67623694467568 18 -41.205114777375172
vn 0 0 -1
vn 0 0 -1
vn 0 0 -1
vn 0 0 -1
vn 0 -1 0
vn 0 -1 0
vn 0 -1 0
vn 0 -1 0
vn 1 0 0
vn 1 0 0
vn 1 0 0
vn 1 0 0
vn 0 1 0
vn 0 1 0
vn 0 1 0
vn 0 1 0
vn -1 0 0
vn -1 0 0
vn -1 0 0
vn -1 0 0
vn 0 0 1
vn 0 0 1
vn 0 0 1
vn 0 0 1
f 585//1753 586//1754 587//1755 588//1756
f 585//1757 588//1758 589//1759 590//1760
f 588//1761 587//1762 591//1763 589//1764
f 587//1765 586//1766 592//1767 591//1768
f 586//1769 585//1770 590//1771 592//1772
f 590//1773 589//1774 591//1775 592//1776
g object_75
v 357.67623694467568 15.000000000000002 -47.205114777375172
v 357.67623694467568 18 -47.205114777375172
v 362.67623694467568 18 -47.205114777375172
v 362.67623694467568 15.000000000000002 -47.205114777375172
v 362.67623694467568 15.000000000000002 -39.705114777375172
v 357.67623694467568 15.000000000000002 -39.705114777375172
v 362.67623694467568 18 -39.705114777375172
v 357.67623694467568 18 -39.705114777375172
vn 0 0 -1
vn 0 0 -1
vn 0 0 -1
vn 0 0 -1
vn 0 -1 0
vn 0 -1 0
vn 0 -1 0
vn 0 -1 0
vn 1 0 0
vn 1 0 0
vn 1 0 0
vn 1 0 0
vn 0 1 0
vn 0 1 0
vn 0 1 0
vn 0 1 0
vn -1 0 0
vn -1 0 0
vn -1 0 0
vn -1 0 0
vn 0 0 1
vn 0 0 1
vn 0 0 1
vn 0 0 1
f 593//1777 594//1778 595//1779 596//1780
f 593//1781 596//1782 597//1783 598//1784
f 596//1785 595//1786 599//1787 597//1788
f 595//1789 594//1790 600//1791 599//1792
f 594//1793 593//1794 598//1795 600//1796
f 598//1797 597//1798 599//1799 600//1800
g object_76
v 327.67623694467568 18 -47.205114777375172
v 327.67623694467568 21 -47.205114777375172
v 332.67623694467568 21 -47.205114777375172
v 332.67623694467568 18 -47.205114777375172
v 332.67623694467568 18 -41.205114777375172
v 327.67623694467568 18 -41.205114777375172
v 332.67623694467568 21 -41.205114777375172
v 327.67623694467568 21 -41.205114777375172
vn 0 0 -1
vn 0 0 -1
vn 0 0 -1
vn 0 0 -1
vn 0 -1 0
vn 0 -1 0
vn 0 -1 0
vn 0 -1 0
vn 1 0 0
vn 1 0 0
vn 1 0 0
vn 1 0 0
vn 0 1 0
vn 0 1 0
vn 0 1 0
vn 0 1 0
vn -1 0 0
vn -1 0 0
vn -1 0 0
vn -1 0 0
vn 0 0 1
vn 0 0 1
vn 0 0 1
vn 0 0 1
f 601//1801 602//1802 603//1803 604//1804
f 601//1805 604//1806 605//1807 606//1808
f 604//1809 603//1810 607//1811 605//1812
f 603//1813 602//1814 608//1815 607//1816
f 602//1817 601//1818 606//1819 608//1820
f 606//1821 605//1822 607//1823 608//1824
g object_77
v 386.67623694467568 15.000000000000002 24.794885222624835
v 386.67623694467568 18 24.794885222624835
v 391.67623694467568 18 24.794885222624835
v 391.67623694467568 15.000000000000002 24.794885222624835
v 391.67623694467568 15.000000000000002 32.294885222624835
v 386.67623694467568 15.000000000000002 32.294885222624835
v 391.67623694467568 18 32.294885222624835
v 386.67623694467568 18 32.294885222624835
vn 0 0 -1
vn 0 0 -1
vn 0 0 -1
vn 0 0 -1
vn 0 -1 0
vn 0 -1 0
vn 0 -1 0
vn 0 -1 0
vn 1 0 0
vn 1 0 0
vn 1 0 0
vn 1 0 0
vn 0 1 0
vn 0 1 0
vn 0 1 0
vn 0 1 0
vn -1 0 0
vn -1 0 0
vn -1 0 0
vn -1 0 0
vn 0 0 1
vn 0 0 1
vn 0 0 1
vn 0 0 1
f 609//1825 610//1826 611//1827 612//1828
f 609//1829 612//1830 613//1831 614//1832
f 612//1833 611//1834 615//1835 613//1836
f 611//1837 610//1838 616//1839 615//1840
f 610//1841 609//1842 614//1843 616//1844
f 614//1845 613//1846 615//1847 616//1848
g object_78
v 411.67623694467568 15.000000000000002 24.794885222624835
v 411.67623694467568 18 24.794885222624835
v 416.67623694467568 18 24.794885222624835
v 416.67623694467568 15.000000000000002 24.794885222624835
v 416.67623694467568 15.000000000000002 33.794885222624835
v 411.67623694467568 15.000000000000002 33.794885222624835
v 416.67623694467568 18 33.794885222624835
v 411.67623694467568 18 33.794885222624835
vn 0 0 -1
vn 0 0 -1
vn 0 0 -1
vn 0 0 -1
vn 0 -1 0
vn 0 -1 0
vn 0 -1 0
vn 0 -1 0
vn 1 0 0
vn 1 0 0
vn 1 0 0
vn 1 0 0
vn 0 1 0
vn 0 1 0
vn 0 1 0
vn 0 1 0
vn -1 0 0
vn -1 0 0
vn -1 0 0
vn -1 0 0
vn 0 0 1
vn 0 0 1
vn 0 0 1
vn 0 0 1
f 617//1849 618//1850 619//1851 620//1852
f 617//1853 620//1854 621//1855 622//1856
f 620//1857 619//1858 623//1859 621//1860
f 619//1861 618//1862 624//1863 623//1864
f 618//1865 617//1866 622//1867 624//1868
f 622//1869 621//1870 623//1871 624//1872
g object_79
v 386.67623694467568 9 24.794885222624835
v 386.67623694467568 12 24.794885222624835
v 391.67623694467568 12 24.794885222624835
v 391.67623694467568 9 24.794885222624835
v 391.67623694467568 9 30.794885222624835
v 386.67623694467568 9 30.794885222624835
v 391.67623694467568 12 30.794885222624835
v 386.67623694467568 12 30.794885222624835
vn 0 0 -1
vn 0 0 -1
vn 0 0 -1
vn 0 0 -1
vn 0 -1 0
vn 0 -1 0
vn 0 -1 0
vn 0 -1 0
vn 1 0 0
vn 1 0 0
vn 1 0 0
vn 1 0 0
vn 0 1 0
vn 0 1 0
vn 0 1 0
vn 0 1 0
vn -1 0 0
vn -1 0 0
vn -1 0 0
vn -1 0 0
vn 0 0 1
vn 0 0 1
vn 0 0 1
vn 0 0 1
f 625//1873 626//1874 627//1875 628//1876
f 625//1877 628//1878 629//1879 630//1880
f 628//1881 627//1882 631//1883 629//1884
f 627//1885 626//1886 632//1887 631//1888
f 626//1889 625//1890 630//1891 632//1892
f 630//1893 629//1894 631//1895 632//1896
g object_80
v 371.67623694467568 18 24.794885222624835
v 371.67623694467568 21 24.794885222624835
v 376.67623694467568 21 24.794885222624835
v 376.67623694467568 18 24.794885222624835
v 376.67623694467568 18 33.794885222624835
v 371.67623694467568 18 33.794885222624835
v 376.67623694467568 21 33.794885222624835
v 371.67623694467568 21 33.794885222624835
vn 0 0 -1
vn 0 0 -1
vn 0 0 -1
vn 0 0 -1
vn 0 -1 0
vn 0 -1 0
vn 0 -1 0
vn 0 -1 0
vn 1 0 0
vn 1 0 0
vn 1 0 0
vn 1 0 0
vn 0 1 0
vn 0 1 0
vn 0 1 0
vn 0 1 0
vn -1 0 0
vn -1 0 0
vn -1 0 0
vn -1 0 0
vn 0 0 1
vn 0 0 1
vn 0 0 1
vn 0 0 1
f 633//1897 634//1898 635//1899 636//1900
f 633//1901 636//1902 637//1903 638//1904
f 636//1905 635//1906 639//1907 637//1908
f 635//1909 634//1910 640//1911 639//1912
f 634//1913 633//1914 638//1915 640//1916
f 638//1917 637//1918 639//1919 640//1920
g object_81
v 371.67623694467568 9 24.794885222624835
v 371.67623694467568 12 24.794885222624835
v 376.67623694467568 12 24.794885222624835
v 376.67623694467568 9 24.794885222624835
v 376.67623694467568 9 33.794885222624835
v 371.67623694467568 9 33.794885222624835
v 376.67623694467568 12 33.794885222624835
v 371.67623694467568 12 33.794885222624835
vn 0 0 -1
vn 0 0 -1
vn 0 0 -1
vn 0 0 -1
vn 0 -1 0
vn 0 -1 0
vn 0 -1 0
vn 0 -1 0
vn 1 0 0
vn 1 0 0
vn 1 0 0
vn 1 0 0
vn 0 1 0
vn 0 1 0
vn 0 1 0
vn 0 1 0
vn -1 0 0
vn -1 0 0
vn -1 0 0
vn -1 0 0
vn 0 0 1
vn 0 0 1
vn 0 0 1
vn 0 0 1
f 641//1921 642//1922 643//1923 644//1924
f 641//1925 644//1926 645//1927 646//1928
f 644//1929 643//1930 647//1931 645//1932
f 643//1933 642//1934 648//1935 647//1936
f 642//1937 641//1938 646//1939 648//1940
f 646//1941 645//1942 647//1943 648//1944
g object_82
v 406.67623694467568 15.000000000000002 24.794885222624835
v 406.67623694467568 18 24.794885222624835
v 411.67623694467568 18 24.794885222624835
v 411.67623694467568 15.000000000000002 24.794885222624835
v 411.67623694467568 15.000000000000002 32.294885222624835
v 406.67623694467568 15.000000000000002 32.294885222624835
v 411.67623694467568 18 32.294885222624835
v 406.67623694467568 18 32.294885222624835
vn 0 0 -1
vn 0 0 -1
vn 0 0 -1
vn 0 0 -1
vn 0 -1 0
vn 0 -1 0
vn 0 -1 0
vn 0 -1 0
vn 1 0 0
vn 1 0 0
vn 1 0 0
vn 1 0 0
vn 0 1 0
vn 0 1 0
vn 0 1 0
vn 0 1 0
vn -1 0 0
vn -1 0 0
vn -1 0 0
vn -1 0 0
vn 0 0 1
vn 0 0 1
vn 0 0 1
vn 0 0 1
f 649//1945 650//1946 651//1947 652//1948
f 649//1949 652//1950 653//1951 654//1952
f 652//1953 651//1954 655//1955 653//1956
f 651//1957 650//1958 656//1959 655//1960
f 650//1961 649//1962 654//1963 656//1964
f 654//1965 653//1966 655//1967 656//1968
g object_83
v 391.67623694467568 15.000000000000002 24.794885222624835
v 391.67623694467568 18 24.794885222624835
v 396.67623694467568 18 24.794885222624835
v 396.67623694467568 15.000000000000002 24.794885222624835
v 396.67623694467568 15.000000000000002 33.794885222624835
v 391.67623694467568 15.000000000000002 33.794885222624835
v 396.67623694467568 18 33.794885222624835
v 391.67623694467568 18 33.794885222624835
vn 0 0 -1
vn 0 0 -1
vn 0 0 -1
vn 0 0 -1
vn 0 -1 0
vn 0 -1 0
vn 0 -1 0
vn 0 -1 0
vn 1 0 0
vn 1 0 0
vn 1 0 0
vn 1 0 0
vn 0 1 0
vn 0 1 0
vn 0 1 0
vn 0 1 0
vn -1 0 0
vn -1 0 0
vn -1 0 0
vn -1 0 0
vn 0 0 1
vn 0 0 1
vn 0 0 1
vn 0 0 1
f 657//1969 658//1970 659//1971 660//1972
f 657//1973 660//1974 661//1975 662//1976
f 660//1977 659//1978 663//1979 661//1980
f 659//1981 658//1982 664//1983 663//1984
f 658//1985 657//1986 662//1987 664//1988
f 662//1989 661//1990 663//1991 664//1992
g object_84
v 401.67623694467568 9 24.794885222624835
v 401.67623694467568 12 24.794885222624835
v 406.67623694467568 12 24.794885222624835
v 406.67623694467568 9 24.794885222624835
v 406.67623694467568 9 32.294885222624835
v 401.67623694467568 9 32.294885222624835
v 406.67623694467568 12 32.294885222624835
v 401.67623694467568 12 32.294885222624835
vn 0 0 -1
vn 0 0 -1
vn 0 0 -1
vn 0 0 -1
vn 0 -1 0
vn 0 -1 0
vn 0 -1 0
vn 0 -1 0
vn 1 0 0
vn 1 0 0
vn 1 0 0
vn 1 0 0
vn 0 1 0
vn 0 1 0
vn 0 1 0
vn 0 1 0
vn -1 0 0
vn -1 0 0
vn -1 0 0
vn -1 0 0
vn 0 0 1
vn 0 0 1
vn 0 0 1
vn 0 0 1
f 665//1993 666//1994 667//1995 668//1996
f 665//1997 668//1998 669//1999 670//2000
f 668//2001 667//2002 671//2003 669//2004
f 667//2005 666//2006 672//2007 671//2008
f 666//2009 665//2010 670//2011 672//2012
f 670//2013 669//2014 671//2015 672//2016
g object_85
v 391.67623694467568 18 24.794885222624835
v 391.67623694467568 21 24.794885222624835
v 396.67623694467568 21 24.794885222624835
v 396.67623694467568 18 24.794885222624835
v 396.67623694467568 18 32.294885222624835
v 391.67623694467568 18 32.294885222624835
v 396.67623694467568 21 32.294885222624835
v 391.67623694467568 21 32.294885222624835
vn 0 0 -1
vn 0 0 -1
vn 0 0 -1
vn 0 0 -1
vn 0 -1 0
vn 0 -1 0
vn 0 -1 0
vn 0 -1 0
vn 1 0 0
vn 1 0 0
vn 1 0 0
vn 1 0 0
vn 0 1 0
vn 0 1 0
vn 0 1 0
vn 0 1 0
vn -1 0 0
vn -1 0 0
vn -1 0 0
vn -1 0 0
vn 0 0 1
vn 0 0 1
vn 0 0 1
vn 0 0 1
f 673//2017 674//2018 675//2019 676//2020
f 673//2021 676//2022 677//2023 678//2024
f 676//2025 675//2026 679//2027 677//2028
f 675//2029 674//2030 680//2031 679//2032
f 674//2033 673//2034 678//2035 680//2036
f 678//2037 677//2038 679//2039 680//2040
g object_86
v 401.67623694467568 15.000000000000002 24.794885222624835
v 401.67623694467568 18 24.794885222624835
v 406.67623694467568 18 24.794885222624835
v 406.67623694467568 15.000000000000002 24.794885222624835
v 406.67623694467568 15.000000000000002 30.794885222624835
v 401.67623694467568 15.000000000000002 30.794885222624835
v 406.67623694467568 18 30.794885222624835
v 401.67623694467568 18 30.794885222624835
vn 0 0 -1
vn 0 0 -1
vn 0 0 -1
vn 0 0 -1
vn 0 -1 0
vn 0 -1 0
vn 0 -1 0
vn 0 -1 0
vn 1 0 0
vn 1 0 0
vn 1 0 0
vn 1 0 0
vn 0 1 0
vn 0 1 0
vn 0 1 0
vn 0 1 0
vn -1 0 0
vn -1 0 0
vn -1 0 0
vn -1 0 0
vn 0 0 1
vn 0 0 1
vn 0 0 1
vn 0 0 1
f 681//2041 682//2042 683//2043 684//2044
f 681//2045 684//2046 685//2047 686//2048
f 684//2049 683//2050 687//2051 685//2052
f 683//2053 682//2054 688//2055 687//2056
f 682//2057 681//2058 686//2059 688//2060
f 686//2061 685//2062 687//2063 688//2064
g object_87
v 381.67623694467568 18 24.794885222624835
v 381.67623694467568 21 24.794885222624835
v 386.67623694467568 21 24.794885222624835
v 386.67623694467568 18 24.794885222624835
v 386.67623694467568 18 30.794885222624835
v 381.67623694467568 18 30.794885222624835
v 386.67623694467568 21 30.794885222624835
v 381.67623694467568 21 30.794885222624835
vn 0 0 -1
vn 0 0 -1
vn 0 0 -1
vn 0 0 -1
vn 0 -1 0
vn 0 -1 0
vn 0 -1 0
vn 0 -1 0
vn 1 0 0
vn 1 0 0
vn 1 0 0
vn 1 0 0
vn 0 1 0
vn 0 1 0
vn 0 1 0
vn 0 1 0
vn -1 0 0
vn -1 0 0
vn -1 0 0
vn -1 0 0
vn 0 0 1
vn 0 0 1
vn 0 0 1
vn 0 0 1
f 689//2065 690//2066 691//2067 692//2068
f 689//2069 692//2070 693//2071 694//2072
f 692//2073 691//2074 695//2075 693//2076
f 691//2077 690//2078 696//2079 695//2080
f 690//2081 689//2082 694//2083 696//2084
f 694//2085 693//2086 695//2087 696//2088
g object_88
v 381.67623694467568 15.000000000000002 24.794885222624835
v 381.67623694467568 18 24.794885222624835
v 386.67623694467568 18 24.794885222624835
v 386.67623694467568 15.000000000000002 24.794885222624835
v 386.67623694467568 15.000000000000002 32.294885222624835
v 381.67623694467568 15.000000000000002 32.294885222624835
v 386.67623694467568 18 32.294885222624835
v 381.67623694467568 18 32.294885222624835
vn 0 0 -1
vn 0 0 -1
vn 0 0 -1
vn 0 0 -1
vn 0 -1 0
vn 0 -1 0
vn 0 -1 0
vn 0 -1 0
vn 1 0 0
vn 1 0 0
vn 1 0 0
vn 1 0 0
vn 0 1 0
vn 0 1 0
vn 0 1 0
vn 0 1 0
vn -1 0 0
vn -1 0 0
vn -1 0 0
vn -1 0 0
vn 0 0 1
vn 0 0 1
vn 0 0 1
vn 0 0 1
f 697//2089 698//2090 699//2091 700//2092
f 697//2093 700//2094 701//2095 702//2096
f 700//2097 699//2098 703//2099 701//2100
f 699//2101 698//2102 704//2103 703//2104
f 698//2105 697//2106 702//2107 704//2108
f 702//2109 701//2110 703//2111 704//2112
g object_89
v 391.67623694467568 6 24.794885222624835
v 391.67623694467568 9 24.794885222624835
v 396.67623694467568 9 24.794885222624835
v 396.67623694467568 6 24.794885222624835
v 396.67623694467568 6 32.294885222624835
v 391.67623694467568 6 32.294885222624835
v 396.67623694467568 9 32.294885222624835
v 391.67623694467568 9 32.294885222624835
vn 0 0 -1
vn 0 0 -1
vn 0 0 -1
vn 0 0 -1
vn 0 -1 0
vn 0 -1 0
vn 0 -1 0
vn 0 -1 0
vn 1 0 0
vn 1 0 0
vn 1 0 0
vn 1 0 0
vn 0 1 0
vn 0 1 0
vn 0 1 0
vn 0 1 0
vn -1 0 0
vn -1 0 0
vn -1 0 0
vn -1 0 0
vn 0 0 1
vn 0 0 1
vn 0 0 1
vn 0 0 1
f 705//2113 706//2114 707//2115 708//2116
f 705//2117 708//2118 709//2119 710//2120
f 708//2121 707//2122 711//2123 709//2124
f 707//2125 706//2126 712//2127 711//2128
f 706//2129 705//2130 710//2131 712//2132
f 710//2133 709//2134 711//2135 712//2136
g object_90
v 411.67623694467568 18 24.794885222624835
v 411.67623694467568 21 24.794885222624835
v 416.67623694467568 21 24.794885222624835
v 416.67623694467568 18 24.794885222624835
v 416.67623694467568 18 30.794885222624835
v 411.67623694467568 18 30.794885222624835
v 416.67623694467568 21 30.794885222624835
v 411.67623694467568 21 30.794885222624835
vn 0 0 -1
vn 0 0 -1
vn 0 0 -1
vn 0 0 -1
vn 0 -1 0
vn 0 -1 0
vn 0 -1 0
vn 0 -1 0
vn 1 0 0
vn 1 0 0
vn 1 0 0
vn 1 0 0
vn 0 1 0
vn 0 1 0
vn 0 1 0
vn 0 1 0
vn -1 0 0
vn -1 0 0
vn -1 0 0
vn -1 0 0
vn 0 0 1
vn 0 0 1
vn 0 0 1
vn 0 0 1
f 713//2137 714//2138 715//2139 716//2140
f 713//2141 716//2142 717//2143 718//2144
f 716//2145 715//2146 719//2147 717//2148
f 715//2149 714//2150 720//2151 719//2152
f 714//2153 713//2154 718//2155 720//2156
f 718//2157 717//2158 719//2159 720//2160
g object_91
v 406.67623694467568 9 24.794885222624835
v 406.67623694467568 12 24.794885222624835
v 411.67623694467568 12 24.794885222624835
v 411.67623694467568 9 24.794885222624835
v 411.67623694467568 9 32.294885222624835
v 406.67623694467568 9 32.294885222624835
v 411.67623694467568 12 32.294885222624835
v 406.67623694467568 12 32.294885222624835
vn 0 0 -1
vn 0 0 -1
vn 0 0 -1
vn 0 0 -1
vn 0 -1 0
vn 0 -1 0
vn 0 -1 0
vn 0 -1 0
vn 1 0 0
vn 1 0 0
vn 1 0 0
vn 1 0 0
vn 0 1 0
vn 0 1 0
vn 0 1 0
vn 0 1 0
vn -1 0 0
vn -1 0 0
vn -1 0 0
vn -1 0 0
vn 0 0 1
vn 0 0 1
vn 0 0 1
vn 0 0 1
f 721//2161 722//2162 723//2163 724//2164
f 721//2165 724//2166 725//2167 726//2168
f 724//2169 723//2170 727//2171 725//2172
f 723//2173 722//2174 728//2175 727//2176
f 722//2177 721//2178 726//2179 728//2180
f 726//2181 725//2182 727//2183 728//2184
g object_92
v 396.67623694467568 15.000000000000002 24.794885222624835
v 396.67623694467568 18 24.794885222624835
v 401.67623694467568 18 24.794885222624835
v 401.67623694467568 15.000000000000002 24.794885222624835
v 401.67623694467568 15.000000000000002 30.794885222624835
v 396.67623694467568 15.000000000000002 30.794885222624835
v 401.67623694467568 18 30.794885222624835
v 396.67623694467568 18 30.794885222624835
vn 0 0 -1
vn 0 0 -1
vn 0 0 -1
vn 0 0 -1
vn 0 -1 0
vn 0 -1 0
vn 0 -1 0
vn 0 -1 0
vn 1 0 0
vn 1 0 0
vn 1 0 0
vn 1 0 0
vn 0 1 0
vn 0 1 0
vn 0 1 0
vn 0 1 0
vn -1 0 0
vn -1 0 0
vn -1 0 0
vn -1 0 0
vn 0 0 1
vn 0 0 1
vn 0 0 1
vn 0 0 1
f 729//2185 730//2186 731//2187 732//2188
f 729//2189 732//2190 733//2191 734//2192
f 732//2193 731//2194 735//2195 733//2196
f 731//2197 730//2198 736//2199 735//2200
f 730//2201 729//2202 734//2203 736//2204
f 734//2205 733//2206 735//2207 736//2208
g object_93
v 386.67623694467568 12 24.794885222624835
v 386.67623694467568 15.000000000000002 24.794885222624835
v 391.67623694467568 15.000000000000002 24.794885222624835
v 391.67623694467568 12 24.794885222624835
v 391.67623694467568 12 32.294885222624835
v 386.67623694467568 12 32.294885222624835
v 391.67623694467568 15.000000000000002 32.294885222624835
v 386.67623694467568 15.000000000000002 32.294885222624835
vn 0 0 -1
vn 0 0 -1
vn 0 0 -1
vn 0 0 -1
vn 0 -1 0
vn 0 -1 0
vn 0 -1 0
vn 0 -1 0
vn 1 0 0
vn 1 0 0
vn 1 0 0
vn 1 0 0
vn 0 1 0
vn 0 1 0
vn 0 1 0
vn 0 1 0
vn -1 0 0
vn -1 0 0
vn -1 0 0
vn -1 0 0
vn 0 0 1
vn 0 0 1
vn 0 0 1
vn 0 0 1
f 737//2209 738//2210 739//2211 740//2212
f 737//2213 740//2214 741//2215 742//2216
f 740//2217 739//2218 743//2219 741//2220
f 739//2221 738//2222 744//2223 743//2224
f 738//2225 737//2226 742//2227 744//2228
f 742//2229 741//2230 743//2231 744//2232
g object_94
v 411.67623694467568 12 24.794885222624835
v 411.67623694467568 15.000000000000002 24.794885222624835
v 416.67623694467568 15.000000000000002 24.794885222624835
v 416.67623694467568 12 24.794885222624835
v 416.67623694467568 12 30.794885222624835
v 411.67623694467568 12 30.794885222624835
v 416.67623694467568 15.000000000000002 30.794885222624835
v 411.67623694467568 15.000000000000002 30.794885222624835
vn 0 0 -1
vn 0 0 -1
vn 0 0 -1
vn 0 0 -1
vn 0 -1 0
vn 0 -1 0
vn 0 -1 0
vn 0 -1 0
vn 1 0 0
vn 1 0 0
vn 1 0 0
vn 1 0 0
vn 0 1 0
vn 0 1 0
vn 0 1 0
vn 0 1 0
vn -1 0 0
vn -1 0 0
vn -1 0 0
vn -1 0 0
vn 0 0 1
vn 0 0 1
vn 0 0 1
vn 0 0 1
f 745//2233 746//2234 747//2235 748//2236
f 745//2237 748//2238 749//2239 750//2240
f 748//2241 747//2242 751//2243 749//2244
f 747//2245 746//2246 752//2247 751//2248
f 746//2249 745//2250 750//2251 752//2252
f 750//2253 749//2254 751//2255 752//2256
g object_95
v 396.67623694467568 18 24.794885222624835
v 396.67623694467568 21 24.794885222624835
v 401.67623694467568 21 24.794885222624835
v 401.67623694467568 18 24.794885222624835
v 401.67623694467568 18 33.794885222624835
v 396.67623694467568 18 33.794885222624835
v 401.67623694467568 21 33.794885222624835
v 396.67623694467568 21 33.794885222624835
vn 0 0 -1
vn 0 0 -1
vn 0 0 -1
vn 0 0 -1
vn 0 -1 0
vn 0 -1 0
vn 0 -1 0
vn 0 -1 0
vn 1 0 0
vn 1 0 0
vn 1 0 0
vn 1 0 0
vn 0 1 0
vn 0 1 0
vn 0 1 0
vn 0 1 0
vn -1 0 0
vn -1 0 0
vn -1 0 0
vn -1 0 0
vn 0 0 1
vn 0 0 1
vn 0 0 1
vn 0 0 1
f 753//2257 754//2258 755//2259 756//2260
f 753//2261 756//2262 757//2263 758//2264
f 756//2265 755//2266 759//2267 757//2268
f 755//2269 754//2270 760//2271 759//2272
f 754//2273 753//2274 758//2275 760//2276
f 758//2277 757//2278 759//2279 760//2280
g object_96
v 376.67623694467568 9 24.794885222624835
v 376.67623694467568 12 24.794885222624835
v 381.67623694467568 12 24.794885222624835
v 381.67623694467568 9 24.794885222624835
v 381.67623694467568 9 32.294885222624835
v 376.67623694467568 9 32.294885222624835
v 381.67623694467568 12 32.294885222624835
v 376.67623694467568 12 32.294885222624835
vn 0 0 -1
vn 0 0 -1
vn 0 0 -1
vn 0 0 -1
vn 0 -1 0
vn 0 -1 0
vn 0 -1 0
vn 0 -1 0
vn 1 0 0
vn 1 0 0
vn 1 0 0
vn 1 0 0
vn 0 1 0
vn 0 1 0
vn 0 1 0
vn 0 1 0
vn -1 0 0
vn -1 0 0
vn -1 0 0
vn -1 0 0
vn 0 0 1
vn 0 0 1
vn 0 0 1
vn 0 0 1
f 761//2281 762//2282 763//2283 764//2284
f 761//2285 764//2286 765//2287 766//2288
f 764//2289 763//2290 767//2291 765//2292
f 763//2293 762//2294 768//2295 767//2296
f 762//2297 761//2298 766//2299 768//2300
f 766//2301 765//2302 767//2303 768//2304
g object_97
v 406.67623694467568 6 24.794885222624835
v 406.67623694467568 9 24.794885222624835
v 411.67623694467568 9 24.794885222624835
v 411.67623694467568 6 24.794885222624835
v 411.67623694467568 6 33.794885222624835
v 406.67623694467568 6 33.794885222624835
v 411.67623694467568 9 33.794885222624835
v 406.67623694467568 9 33.794885222624835
vn 0 0 -1
vn 0 0 -1
vn 0 0 -1
vn 0 0 -1
vn 0 -1 0
vn 0 -1 0
vn 0 -1 0
vn 0 -1 0
vn 1 0 0
vn 1 0 0
vn 1 0 0
vn 1 0 0
vn 0 1 0
vn 0 1 0
vn 0 1 0
vn 0 1 0
vn -1 0 0
vn -1 0 0
vn -1 0 0
vn -1 0 0
vn 0 0 1
vn 0 0 1
vn 0 0 1
vn 0 0 1
f 769//2305 770//2306 771//2307 772//2308
f 769//2309 772//2310 773//2311 774//2312
f 772//2313 771//2314 775//2315 773//2316
f 771//2317 770//2318 776//2319 775//2320
f 770//2321 769//2322 774//2323 776//2324
f 774//2325 773//2326 775//2327 776//2328
g object_98
v 391.67623694467568 12 24.794885222624835
v 391.67623694467568 15.000000000000002 24.794885222624835
v 396.67623694467568 15.000000000000002 24.794885222624835
v 396.67623694467568 12 24.794885222624835
v 396.67623694467568 12 33.794885222624835
v 391.67623694467568 12 33.794885222624835
v 396.67623694467568 15.000000000000002 33.794885222624835
v 391.67623694467568 15.000000000000002 33.794885222624835
vn 0 0 -1
vn 0 0 -1
vn 0 0 -1
vn 0 0 -1
vn 0 -1 0
vn 0 -1 0
vn 0 -1 0
vn 0 -1 0
vn 1 0 0
vn 1 0 0
vn 1 0 0
vn 1 0 0
vn 0 1 0
vn 0 1 0
vn 0 1 0
vn 0 1 0
vn -1 0 0
vn -1 0 0
vn -1 0 0
vn -1 0 0
vn 0 0 1
vn 0 0 1
vn 0 0 1
vn 0 0 1
f 777//2329 778//2330 779//2331 780//2332
f 777//2333 780//2334 781//2335 782//2336
f 780//2337 779//2338 783//2339 781//2340
f 779//2341 778//2342 784//2343 783//2344
f 778//2345 777//2346 782//2347 784//2348
f 782//2349 781//2350 783//2351 784//2352
g object_99
v 411.67623694467568 6 24.794885222624835
v 411.67623694467568 9 24.794885222624835
v 416.67623694467568 9 24.794885222624835
v 416.67623694467568 6 24.794885222624835
v 416.67623694467568 6 30.794885222624835
v 411.67623694467568 6 30.794885222624835
v 416.67623694467568 9 30.794885222624835
v 411.67623694467568 9 30.794885222624835
vn 0 0 -1
vn 0 0 -1
vn 0 0 -1
vn 0 0 -1
vn 0 -1 0
vn 0 -1 0
vn 0 -1 0
vn 0 -1 0
vn 1 0 0
vn 1 0 0
vn 1 0 0
vn 1 0 0
vn 0 1 0
vn 0 1 0
vn 0 1 0
vn 0 1 0
vn -1 0 0
vn -1 0 0
vn -1 0 0
vn -1 0 0
vn 0 0 1
vn 0 0 1
vn 0 0 1
vn 0 0 1
f 785//2353 786//2354 787//2355 788//2356
f 785//2357 788//2358 789//2359 790//2360
f 788//2361 787//2362 791//2363 789//2364
f 787//2365 786//2366 792//2367 791//2368
f 786//2369 785//2370 790//2371 792//2372
f 790//2373 789//2374 791//2375 792//2376
g object_100
v 376.67623694467568 12 24.794885222624835
v 376.67623694467568 15.000000000000002 24.794885222624835
v 381.67623694467568 15.000000000000002 24.794885222624835
v 381.67623694467568 12 24.794885222624835
v 381.67623694467568 12 33.794885222624835
v 376.67623694467568 12 33.794885222624835
v 381.67623694467568 15.000000000000002 33.794885222624835
v 376.67623694467568 15.000000000000002 33.794885222624835
vn 0 0 -1
vn 0 0 -1
vn 0 0 -1
vn 0 0 -1
vn 0 -1 0
vn 0 -1 0
vn 0 -1 0
vn 0 -1 0
vn 1 0 0
vn 1 0 0
vn 1 0 0
vn 1 0 0
vn 0 1 0
vn 0 1 0
vn 0 1 0
vn 0 1 0
vn -1 0 0
vn -1 0 0
vn -1 0 0
vn -1 0 0
vn 0 0 1
vn 0 0 1
vn 0 0 1
vn 0 0 1
f 793//2377 794//2378 795//2379 796//2380
f 793//2381 796//2382 797//2383 798//2384
f 796//2385 795//2386 799//2387 797//2388
f 795//2389 794//2390 800//2391 799//2392
f 794//2393 793//2394 798//2395 800//2396
f 798//2397 797//2398 799//2399 800//2400
g object_101
v 381.67623694467568 9 24.794885222624835
v 381.67623694467568 12 24.794885222624835
v 386.67623694467568 12 24.794885222624835
v 386.67623694467568 9 24.794885222624835
v 386.67623694467568 9 33.794885222624835
v 381.67623694467568 9 33.794885222624835
v 386.67623694467568 12 33.794885222624835
v 381.67623694467568 12 33.794885222624835
vn 0 0 -1
vn 0 0 -1
vn 0 0 -1
vn 0 0 -1
vn 0 -1 0
vn 0 -1 0
vn 0 -1 0
vn 0 -1 0
vn 1 0 0
vn 1 0 0
vn 1 0 0
vn 1 0 0
vn 0 1 0
vn 0 1 0
vn 0 1 0
vn 0 1 0
vn -1 0 0
vn -1 0 0
vn -1 0 0
vn -1 0 0
vn 0 0 1
vn 0 0 1
vn 0 0 1
vn 0 0 1
f 801//2401 802//2402 803//2403 804//2404
f 801//2405 804//2406 805//2407 806//2408
f 804//2409 803//2410 807//2411 805//2412
f 803//2413 802//2414 808//2415 807//2416
f 802//2417 801//2418 806//2419 808//2420
f 806//2421 805//2422 807//2423 808//2424
g object_102
v 411.67623694467568 9 24.794885222624835
v 411.67623694467568 12 24.794885222624835
v 416.67623694467568 12 24.794885222624835
v 416.67623694467568 9 24.794885222624835
v 416.67623694467568 9 30.794885222624835
v 411.67623694467568 9 30.794885222624835
v 416.67623694467568 12 30.794885222624835
v 411.67623694467568 12 30.794885222624835
vn 0 0 -1
vn 0 0 -1
vn 0 0 -1
vn 0 0 -1
vn 0 -1 0
vn 0 -1 0
vn 0 -1 0
vn 0 -1 0
vn 1 0 0
vn 1 0 0
vn 1 0 0
vn 1 0 0
vn 0 1 0
vn 0 1 0
vn 0 1 0
vn 0 1 0
vn -1 0 0
vn -1 0 0
vn -1 0 0
vn -1 0 0
vn 0 0 1
vn 0 0 1
vn 0 0 1
vn 0 0 1
f 809//2425 810//2426 811//2427 812//2428
f 809//2429 812//2430 813//2431 814//2432
f 812//2433 811//2434 815//2435 813//2436
f 811//2437 810//2438 816//2439 815//2440
f 810//2441 809//2442 814//2443 816//2444
f 814//2445 813//2446 815//2447 816//2448
g object_103
v 386.67623694467568 18 24.794885222624835
v 386.67623694467568 21 24.794885222624835
v 391.67623694467568 21 24.794885222624835
v 391.67623694467568 18 24.794885222624835
v 391.67623694467568 18 30.794885222624835
v 386.67623694467568 18 30.794885222624835
v 391.67623694467568 21 30.794885222624835
v 386.67623694467568 21 30.794885222624835
vn 0 0 -1
vn 0 0 -1
vn 0 0 -1
vn 0 0 -1
vn 0 -1 0
vn 0 -1 0
vn 0 -1 0
vn 0 -1 0
vn 1 0 0
vn 1 0 0
vn 1 0 0
vn 1 0 0
vn 0 1 0
vn 0 1 0
vn 0 1 0
vn 0 1 0
vn -1 0 0
vn -1 0 0
vn -1 0 0
vn -1 0 0
vn 0 0 1
vn 0 0 1
vn 0 0 1
vn 0 0 1
f 817//2449 818//2450 819//2451 820//2452
f 817//2453 820//2454 821//2455 822//2456
f 820//2457 819//2458 823//2459 821//2460
f 819//2461 818//2462 824//2463 823//2464
f 818//2465 817//2466 822//2467 824//2468
f 822//2469 821//2470 823//2471 824//2472
g object_104
v 376.67623694467568 15.000000000000002 24.794885222624835
v 376.67623694467568 18 24.794885222624835
v 381.67623694467568 18 24.794885222624835
v 381.67623694467568 15.000000000000002 24.794885222624835
v 381.67623694467568 15.000000000000002 30.794885222624835
v 376.67623694467568 15.000000000000002 30.794885222624835
v 381.67623694467568 18 30.794885222624835
v 376.67623694467568 18 30.794885222624835
vn 0 0 -1
vn 0 0 -1
vn 0 0 -1
vn 0 0 -1
vn 0 -1 0
vn 0 -1 0
vn 0 -1 0
vn 0 -1 0
vn 1 0 0
vn 1 0 0
vn 1 0 0
vn 1 0 0
vn 0 1 0
vn 0 1 0
vn 0 1 0
vn 0 1 0
vn -1 0 0
vn -1 0 0
vn -1 0 0
vn -1 0 0
vn 0 0 1
vn 0 0 1
vn 0 0 1
vn 0 0 1
f 825//2473 826//2474 827//2475 828//2476
f 825//2477 828//2478 829//2479 830//2480
f 828//2481 827//2482 831//2483 829//2484
f 827//2485 826//2486 832//2487 831//2488
f 826//2489 825//2490 830//2491 832//2492
f 830//2493 829//2494 831//2495 832//2496
g object_105
v 381.67623694467568 6 24.794885222624835
v 381.67623694467568 9 24.794885222624835
v 386.67623694467568 9 24.794885222624835
v 386.67623694467568 6 24.794885222624835
v 386.67623694467568 6 32.294885222624835
v 381.67623694467568 6 32.294885222624835
v 386.67623694467568 9 32.294885222624835
v 381.67623694467568 9 32.294885222624835
vn 0 0 -1
vn 0 0 -1
vn 0 0 -1
vn 0 0 -1
vn 0 -1 0
vn 0 -1 0
vn 0 -1 0
vn 0 -1 0
vn 1 0 0
vn 1 0 0
vn 1 0 0
vn 1 0 0
vn 0 1 0
vn 0 1 0
vn 0 1 0
vn 0 1 0
vn -1 0 0
vn -1 0 0
vn -1 0 0
vn -1 0 0
vn 0 0 1
vn 0 0 1
vn 0 0 1
vn 0 0 1
f 833//2497 834//2498 835//2499 836//2500
f 833//2501 836//2502 837//2503 838//2504
f 836//2505 835//2506 839//2507 837//2508
f 835//2509 834//2510 840//2511 839//2512
f 834//2513 833//2514 838//2515 840//2516
f 838//2517 837//2518 839//2519 840//2520
g object_106
v 371.67623694467568 6 24.794885222624835
v 371.67623694467568 9 24.794885222624835
v 376.67623694467568 9 24.794885222624835
v 376.67623694467568 6 24.794885222624835
v 376.67623694467568 6 30.794885222624835
v 371.67623694467568 6 30.794885222624835
v 376.67623694467568 9 30.794885222624835
v 371.67623694467568 9 30.794885222624835
vn 0 0 -1
vn 0 0 -1
vn 0 0 -1
vn 0 0 -1
vn 0 -1 0
vn 0 -1 0
vn 0 -1 0
vn 0 -1 0
vn 1 0 0
vn 1 0 0
vn 1 0 0
vn 1 0 0
vn 0 1 0
vn 0 1 0
vn 0 1 0
vn 0 1 0
vn -1 0 0
vn -1 0 0
vn -1 0 0
vn -1 0 0
vn 0 0 1
vn 0 0 1
vn 0 0 1
vn 0 0 1
f 841//2521 842//2522 843//2523 844//2524
f 841//2525 844//2526 845//2527 846//2528
f 844//2529 843//2530 847//2531 845//2532
f 843//2533 842//2534 848//2535 847//2536
f 842//2537 841//2538 846//2539 848//2540
f 846//2541 845//2542 847//2543 848//2544
g object_107
v 401.67623694467568 18 24.794885222624835
v 401.67623694467568 21 24.794885222624835
v 406.67623694467568 21 24.794885222624835
v 406.67623694467568 18 24.794885222624835
v 406.67623694467568 18 30.794885222624835
v 401.67623694467568 18 30.794885222624835
v 406.67623694467568 21 30.794885222624835
v 401.67623694467568 21 30.794885222624835
vn 0 0 -1
vn 0 0 -1
vn 0 0 -1
vn 0 0 -1
vn 0 -1 0
vn 0 -1 0
vn 0 -1 0
vn 0 -1 0
vn 1 0 0
vn 1 0 0
vn 1 0 0
vn 1 0 0
vn 0 1 0
vn 0 1 0
vn 0 1 0
vn 0 1 0
vn -1 0 0
vn -1 0 0
vn -1 0 0
vn -1 0 0
vn 0 0 1
vn 0 0 1
vn 0 0 1
vn 0 0 1
f 849//2545 850//2546 851//2547 852//2548
f 849//2549 852//2550 853//2551 854//2552
f 852//2553 851//2554 855//2555 853//2556
f 851//2557 850//2558 856//2559 855//2560
f 850//2561 849//2562 854//2563 856//2564
f 854//2565 853//2566 855//2567 856//2568
g object_108
v 376.67623694467568 6 24.794885222624835
v 376.67623694467568 9 24.794885222624835
v 381.67623694467568 9 24.794885222624835
v 381.67623694467568 6 24.794885222624835
v 381.67623694467568 6 32.294885222624835
v 376.67623694467568 6 32.294885222624835
v 381.67623694467568 9 32.294885222624835
v 376.67623694467568 9 32.294885222624835
vn 0 0 -1
vn 0 0 -1
vn 0 0 -1
vn 0 0 -1
vn 0 -1 0
vn 0 -1 0
vn 0 -1 0
vn 0 -1 0
vn 1 0 0
vn 1 0 0
vn 1 0 0
vn 1 0 0
vn 0 1 0
vn 0 1 0
vn 0 1 0
vn 0 1 0
vn -1 0 0
vn -1 0 0
vn -1 0 0
vn -1 0 0
vn 0 0 1
vn 0 0 1
vn 0 0 1
vn 0 0 1
f 857//2569 858//2570 859//2571 860//2572
f 857//2573 860//2574 861//2575 862//2576
f 860//2577 859//2578 863//2579 861//2580
f 859//2581 858//2582 864//2583 863//2584
f 858//2585 857//2586 862//2587 864//2588
f 862//2589 861//2590 863//2591 864//2592
g object_109
v 386.67623694467568 6 24.794885222624835
v 386.67623694467568 9 24.794885222624835
v 391.67623694467568 9 24.794885222624835
v 391.67623694467568 6 24.794885222624835
v 391.67623694467568 6 33.794885222624835
v 386.67623694467568 6 33.794885222624835
v 391.67623694467568 9 33.794885222624835
v 386.67623694467568 9 33.794885222624835
vn 0 0 -1
vn 0 0 -1
vn 0 0 -1
vn 0 0 -1
vn 0 -1 0
vn 0 -1 0
vn 0 -1 0
vn 0 -1 0
vn 1 0 0
vn 1 0 0
vn 1 0 0
vn 1 0 0
vn 0 1 0
vn 0 1 0
vn 0 1 0
vn 0 1 0
vn -1 0 0
vn -1 0 0
vn -1 0 0
vn -1 0 0
vn 0 0 1
vn 0 0 1
vn 0 0 1
vn 0 0 1
f 865//2593 866//2594 867//2595 868//2596
f 865//2597 868//2598 869//2599 870//2600
f 868//2601 867//2602 871//2603 869//2604
f 867//2605 866//2606 872//2607 871//2608
f 866//2609 865//2610 870//2611 872//2612
f 870//2613 869//2614 871//2615 872//2616
g object_110
v 381.67623694467568 12 24.794885222624835
v 381.67623694467568 15.000000000000002 24.794885222624835
v 386.67623694467568 15.000000000000002 24.794885222624835
v 386.67623694467568 12 24.794885222624835
v 386.67623694467568 12 32.294885222624835
v 381.67623694467568 12 32.294885222624835
v 386.67623694467568 15.000000000000002 32.294885222624835
v 381.67623694467568 15.000000000000002 32.294885222624835
vn 0 0 -1
vn 0 0 -1
vn 0 0 -1
vn 0 0 -1
vn 0 -1 0
vn 0 -1 0
vn 0 -1 0
vn 0 -1 0
vn 1 0 0
vn 1 0 0
vn 1 0 0
vn 1 0 0
vn 0 1 0
vn 0 1 0
vn 0 1 0
vn 0 1 0
vn -1 0 0
vn -1 0 0
vn -1 0 0
vn -1 0 0
vn 0 0 1
vn 0 0 1
vn 0 0 1
vn 0 0 1
f 873//2617 874//2618 875//2619 876//2620
f 873//2621 876//2622 877//2623 878//2624
f 876//2625 875//2626 879//2627 877//2628
f 875//2629 874//2630 880//2631 879//2632
f 874//2633 873//2634 878//2635 880//2636
f 878//2637 877//2638 879//2639 880//2640
g object_111
v 406.67623694467568 18 24.794885222624835
v 406.67623694467568 21 24.794885222624835
v 411.67623694467568 21 24.794885222624835
v 411.67623694467568 18 24.794885222624835
v 411.67623694467568 18 30.794885222624835
v 406.67623694467568 18 30.794885222624835
v 411.67623694467568 21 30.794885222624835
v 406.67623694467568 21 30.794885222624835
vn 0 0 -1
vn 0 0 -1
vn 0 0 -1
vn 0 0 -1
vn 0 -1 0
vn 0 -1 0
vn 0 -1 0
vn 0 -1 0
vn 1 0 0
vn 1 0 0
vn 1 0 0
vn 1 0 0
vn 0 1 0
vn 0 1 0
vn 0 1 0
vn 0 1 0
vn -1 0 0
vn -1 0 0
vn -1 0 0
vn -1 0 0
vn 0 0 1
vn 0 0 1
vn 0 0 1
vn 0 0 1
f 881//2641 882//2642 883//2643 884//2644
f 881//2645 884//2646 885//2647 886//2648
f 884//2649 883//2650 887//2651 885//2652
f 883//2653 882//2654 888//2655 887//2656
f 882//2657 881//2658 886//2659 888//2660
f 886//2661 885//2662 887//2663 888//2664
g object_112
v 396.67623694467568 6 24.794885222624835
v 396.67623694467568 9 24.794885222624835
v 401.67623694467568 9 24.794885222624835
v 401.67623694467568 6 24.794885222624835
v 401.67623694467568 6 32.294885222624835
v 396.67623694467568 6 32.294885222624835
v 401.67623694467568 9 32.294885222624835
v 396.67623694467568 9 32.294885222624835
vn 0 0 -1
vn 0 0 -1
vn 0 0 -1
vn 0 0 -1
vn 0 -1 0
vn 0 -1 0
vn 0 -1 0
vn 0 -1 0
vn 1 0 0
vn 1 0 0
vn 1 0 0
vn 1 0 0
vn 0 1 0
vn 0 1 0
vn 0 1 0
vn 0 1 0
vn -1 0 0
vn -1 0 0
vn -1 0 0
vn -1 0 0
vn 0 0 1
vn 0 0 1
vn 0 0 1
vn 0 0 1
f 889//2665 890//2666 891//2667 892//2668
f 889//2669 892//2670 893//2671 894//2672
f 892//2673 891//2674 895//2675 893//2676
f 891//2677 890//2678 896//2679 895//2680
f 890//2681 889//2682 894//2683 896//2684
f 894//2685 893//2686 895//2687 896//2688
g object_113
v 396.67623694467568 9 24.794885222624835
v 396.67623694467568 12 24.794885222624835
v 401.67623694467568 12 24.794885222624835
v 401.67623694467568 9 24.794885222624835
v 401.67623694467568 9 33.794885222624835
v 396.67623694467568 9 33.794885222624835
v 401.67623694467568 12 33.794885222624835
v 396.67623694467568 12 33.794885222624835
vn 0 0 -1
vn 0 0 -1
vn 0 0 -1
vn 0 0 -1
vn 0 -1 0
vn 0 -1 0
vn 0 -1 0
vn 0 -1 0
vn 1 0 0
vn 1 0 0
vn 1 0 0
vn 1 0 0
vn 0 1 0
vn 0 1 0
vn 0 1 0
vn 0 1 0
vn -1 0 0
vn -1 0 0
vn -1 0 0
vn -1 0 0
vn 0 0 1
vn 0 0 1
vn 0 0 1
vn 0 0 1
f 897//2689 898//2690 899//2691 900//2692
f 897//2693 900//2694 901//2695 902//2696
f 900//2697 899//2698 903//2699 901//2700
f 899//2701 898//2702 904//2703 903//2704
f 898//2705 897//2706 902//2707 904//2708
f 902//2709 901//2710 903//2711 904//2712
g object_114
v 401.67623694467568 12 24.794885222624835
v 401.67623694467568 15.000000000000002 24.794885222624835
v 406.67623694467568 15.000000000000002 24.794885222624835
v 406.67623694467568 12 24.794885222624835
v 406.67623694467568 12 30.794885222624835
v 401.67623694467568 12 30.794885222624835
v 406.67623694467568 15.000000000000002 30.794885222624835
v 401.67623694467568 15.000000000000002 30.794885222624835
vn 0 0 -1
vn 0 0 -1
vn 0 0 -1
vn 0 0 -1
vn 0 -1 0
vn 0 -1 0
vn 0 -1 0
vn 0 -1 0
vn 1 0 0
vn 1 0 0
vn 1 0 0
vn 1 0 0
vn 0 1 0
vn 0 1 0
vn 0 1 0
vn 0 1 0
vn -1 0 0
vn -1 0 0
vn -1 0 0
vn -1 0 0
vn 0 0 1
vn 0 0 1
vn 0 0 1
vn 0 0 1
f 905//2713 906//2714 907//2715 908//2716
f 905//2717 908//2718 909//2719 910//2720
f 908//2721 907//2722 911//2723 909//2724
f 907//2725 906//2726 912//2727 911//2728
f 906//2729 905//2730 910//2731 912//2732
f 910//2733 909//2734 911//2735 912//2736
g object_115
v 381.67623694467568 21 21.794885222624831
v 381.67623694467568 18 21.794885222624831
v 386.67623694467568 18 21.794885222624831
v 386.67623694467568 21 21.794885222624831
v 386.67623694467568 21 14.294885222624833
v 381.67623694467568 21 14.294885222624833
v 386.67623694467568 18 14.294885222624833
v 381.67623694467568 18 14.294885222624833
vn 0 0 1
vn 0 0 1
vn 0 0 1
vn 0 0 1
vn 0 1 0
vn 0 1 0
vn 0 1 0
vn 0 1 0
vn 1 0 0
vn 1 0 0
vn 1 0 0
vn 1 0 0
vn 0 -1 0
vn 0 -1 0
vn 0 -1 0
vn 0 -1 0
vn -1 0 0
vn -1 0 0
vn -1 0 0
vn -1 0 0
vn 0 0 -1
vn 0 0 -1
vn 0 0 -1
vn 0 0 -1
f 913//2737 914//2738 915//2739 916//2740
f 913//2741 916//2742 917//2743 918//2744
f 916//2745 915//2746 919//2747 917//2748
f 915//2749 914//2750 920//2751 919//2752
f 914//2753 913//2754 918//2755 920//2756
f 918//2757 917//2758 919//2759 920//2760
g object_116
v 371.67623694467568 21 21.794885222624831
v 371.67623694467568 18 21.794885222624831
v 376.67623694467568 18 21.794885222624831
v 376.67623694467568 21 21.794885222624831
v 376.67623694467568 21 12.794885222624833
v 371.67623694467568 21 12.794885222624833
v 376.67623694467568 18 12.794885222624833
v 371.67623694467568 18 12.794885222624833
vn 0 0 1
vn 0 0 1
vn 0 0 1
vn 0 0 1
vn 0 1 0
vn 0 1 0
vn 0 1 0
vn 0 1 0
vn 1 0 0
vn 1 0 0
vn 1 0 0
vn 1 0 0
vn 0 -1 0
vn 0 -1 0
vn 0 -1 0
vn 0 -1 0
vn -1 0 0
vn -1 0 0
vn -1 0 0
vn -1 0 0
vn 0 0 -1
vn 0 0 -1
vn 0 0 -1
vn 0 0 -1
f 921//2761 922//2762 923//2763 924//2764
f 921//2765 924//2766 925//2767 926//2768
f 924//2769 923//2770 927//2771 925//2772
f 923//2773 922//2774 928//2775 927//2776
f 922//2777 921//2778 926//2779 928//2780
f 926//2781 925//2782 927//2783 928//2784
g object_117
v 411.67623694467568 21 21.794885222624831
v 411.67623694467568 18 21.794885222624831
v 416.67623694467568 18 21.794885222624831
v 416.67623694467568 21 21.794885222624831
v 416.67623694467568 21 12.794885222624833
v 411.67623694467568 21 12.794885222624833
v 416.67623694467568 18 12.794885222624833
v 411.67623694467568 18 12.794885222624833
vn 0 0 1
vn 0 0 1
vn 0 0 1
vn 0 0 1
vn 0 1 0
vn 0 1 0
vn 0 1 0
vn 0 1 0
vn 1 0 0
vn 1 0 0
vn 1 0 0
vn 1 0 0
vn 0 -1 0
vn 0 -1 0
vn 0 -1 0
vn 0 -1 0
vn -1 0 0
vn -1 0 0
vn -1 0 0
vn -1 0 0
vn 0 0 -1
vn 0 0 -1
vn 0 0 -1
vn 0 0 -1
f 929//2785 930//2786 931//2787 932//2788
f 929//2789 932//2790 933//2791 934//2792
f 932//2793 931//2794 935//2795 933//2796
f 931//2797 930//2798 936//2799 935//2800
f 930//2801 929//2802 934//2803 936//2804
f 934//2805 933//2806 935//2807 936//2808
g object_118
v 406.67623694467568 18 21.794885222624831
v 406.67623694467568 15 21.794885222624831
v 411.67623694467568 15 21.794885222624831
v 411.67623694467568 18 21.794885222624831
v 411.67623694467568 18 14.294885222624833
v 406.67623694467568 18 14.294885222624833
v 411.67623694467568 15 14.294885222624833
v 406.67623694467568 15 14.294885222624833
vn 0 0 1
vn 0 0 1
vn 0 0 1
vn 0 0 1
vn 0 1 0
vn 0 1 0
vn 0 1 0
vn 0 1 0
vn 1 0 0
vn 1 0 0
vn 1 0 0
vn 1 0 0
vn 0 -1 0
vn 0 -1 0
vn 0 -1 0
vn 0 -1 0
vn -1 0 0
vn -1 0 0
vn -1 0 0
vn -1 0 0
vn 0 0 -1
vn 0 0 -1
vn 0 0 -1
vn 0 0 -1
f 937//2809 938//2810 939//2811 940//2812
f 937//2813 940//2814 941//2815 942//2816
f 940//2817 939//2818 943//2819 941//2820
f 939//2821 938//2822 944//2823 943//2824
f 938//2825 937//2826 942//2827 944//2828
f 942//2829 941//2830 943//2831 944//2832
g object_119
v 391.67623694467568 18 21.794885222624831
v 391.67623694467568 15 21.794885222624831
v 396.67623694467568 15 21.794885222624831
v 396.67623694467568 18 21.794885222624831
v 396.67623694467568 18 12.794885222624833
v 391.67623694467568 18 12.794885222624833
v 396.67623694467568 15 12.794885222624833
v 391.67623694467568 15 12.794885222624833
vn 0 0 1
vn 0 0 1
vn 0 0 1
vn 0 0 1
vn 0 1 0
vn 0 1 0
vn 0 1 0
vn 0 1 0
vn 1 0 0
vn 1 0 0
vn 1 0 0
vn 1 0 0
vn 0 -1 0
vn 0 -1 0
vn 0 -1 0
vn 0 -1 0
vn -1 0 0
vn -1 0 0
vn -1 0 0
vn -1 0 0
vn 0 0 -1
vn 0 0 -1
vn 0 0 -1
vn 0 0 -1
f 945//2833 946//2834 947//2835 948//2836
f 945//2837 948//2838 949//2839 950//2840
f 948//2841 947//2842 951//2843 949//2844
f 947//2845 946//2846 952//2847 951//2848
f 946//2849 945//2850 950//2851 952//2852
f 950//2853 949//2854 951//2855 952//2856
g object_120
v 376.67623694467568 11.999999999999996 21.794885222624831
v 376.67623694467568 9 21.794885222624831
v 381.67623694467568 9 21.794885222624831
v 381.67623694467568 11.999999999999996 21.794885222624831
v 381.67623694467568 11.999999999999996 15.794885222624831
v 376.67623694467568 11.999999999999996 15.794885222624831
v 381.67623694467568 9 15.794885222624831
v 376.67623694467568 9 15.794885222624831
vn 0 0 1
vn 0 0 1
vn 0 0 1
vn 0 0 1
vn 0 1 0
vn 0 1 0
vn 0 1 0
vn 0 1 0
vn 1 0 0
vn 1 0 0
vn 1 0 0
vn 1 0 0
vn 0 -1 0
vn 0 -1 0
vn 0 -1 0
vn 0 -1 0
vn -1 0 0
vn -1 0 0
vn -1 0 0
vn -1 0 0
vn 0 0 -1
vn 0 0 -1
vn 0 0 -1
vn 0 0 -1
f 953//2857 954//2858 955//2859 956//2860
f 953//2861 956//2862 957//2863 958//2864
f 956//2865 955//2866 959//2867 957//2868
f 955//2869 954//2870 960//2871 959//2872
f 954//2873 953//2874 958//2875 960//2876
f 958//2877 957//2878 959//2879 960//2880
g object_121
v 386.67623694467568 18 21.794885222624831
v 386.67623694467568 15 21.794885222624831
v 391.67623694467568 15 21.794885222624831
v 391.67623694467568 18 21.794885222624831
v 391.67623694467568 18 12.794885222624833
v 386.67623694467568 18 12.794885222624833
v 391.67623694467568 15 12.794885222624833
v 386.67623694467568 15 12.794885222624833
vn 0 0 1
vn 0 0 1
vn 0 0 1
vn 0 0 1
vn 0 1 0
vn 0 1 0
vn 0 1 0
vn 0 1 0
vn 1 0 0
vn 1 0 0
vn 1 0 0
vn 1 0 0
vn 0 -1 0
vn 0 -1 0
vn 0 -1 0
vn 0 -1 0
vn -1 0 0
vn -1 0 0
vn -1 0 0
vn -1 0 0
vn 0 0 -1
vn 0 0 -1
vn 0 0 -1
vn 0 0 -1
f 961//2881 962//2882 963//2883 964//2884
f 961//2885 964//2886 965//2887 966//2888
f 964//2889 963//2890 967//2891 965//2892
f 963//2893 962//2894 968//2895 967//2896
f 962//2897 961//2898 966//2899 968//2900
f 966//2901 965//2902 967//2903 968//2904
g object_122
v 376.67623694467568 21 21.794885222624831
v 376.67623694467568 18 21.794885222624831
v 381.67623694467568 18 21.794885222624831
v 381.67623694467568 21 21.794885222624831
v 381.67623694467568 21 14.294885222624833
v 376.67623694467568 21 14.294885222624833
v 381.67623694467568 18 14.294885222624833
v 376.67623694467568 18 14.294885222624833
vn 0 0 1
vn 0 0 1
vn 0 0 1
vn 0 0 1
vn 0 1 0
vn 0 1 0
vn 0 1 0
vn 0 1 0
vn 1 0 0
vn 1 0 0
vn 1 0 0
vn 1 0 0
vn 0 -1 0
vn 0 -1 0
vn 0 -1 0
vn 0 -1 0
vn -1 0 0
vn -1 0 0
vn -1 0 0
vn -1 0 0
vn 0 0 -1
vn 0 0 -1
vn 0 0 -1
vn 0 0 -1
f 969//2905 970//2906 971//2907 972//2908
f 969//2909 972//2910 973//2911 974//2912
f 972//2913 971//2914 975//2915 973//2916
f 971//2917 970//2918 976//2919 975//2920
f 970//2921 969//2922 974//2923 976//2924
f 974//2925 973//2926 975//2927 976//2928
g object_123
v 386.67623694467568 11.999999999999996 21.794885222624831
v 386.67623694467568 9 21.794885222624831
v 391.67623694467568 9 21.794885222624831
v 391.67623694467568 11.999999999999996 21.794885222624831
v 391.67623694467568 11.999999999999996 14.294885222624833
v 386.67623694467568 11.999999999999996 14.294885222624833
v 391.67623694467568 9 14.294885222624833
v 386.67623694467568 9 14.294885222624833
vn 0 0 1
vn 0 0 1
vn 0 0 1
vn 0 0 1
vn 0 1 0
vn 0 1 0
vn 0 1 0
vn 0 1 0
vn 1 0 0
vn 1 0 0
vn 1 0 0
vn 1 0 0
vn 0 -1 0
vn 0 -1 0
vn 0 -1 0
vn 0 -1 0
vn -1 0 0
vn -1 0 0
vn -1 0 0
vn -1 0 0
vn 0 0 -1
vn 0 0 -1
vn 0 0 -1
vn 0 0 -1
f 977//2929 978//2930 979//2931 980//2932
f 977//2933 980//2934 981//2935 982//2936
f 980//2937 979//2938 983//2939 981//2940
f 979//2941 978//2942 984//2943 983//2944
f 978//2945 977//2946 982//2947 984//2948
f 982//2949 981//2950 983//2951 984//2952
g object_124
v 386.67623694467568 21 21.794885222624831
v 386.67623694467568 18 21.794885222624831
v 391.67623694467568 18 21.794885222624831
v 391.67623694467568 21 21.794885222624831
v 391.67623694467568 21 15.794885222624831
v 386.67623694467568 21 15.794885222624831
v 391.67623694467568 18 15.794885222624831
v 386.67623694467568 18 15.794885222624831
vn 0 0 1
vn 0 0 1
vn 0 0 1
vn 0 0 1
vn 0 1 0
vn 0 1 0
vn 0 1 0
vn 0 1 0
vn 1 0 0
vn 1 0 0
vn 1 0 0
vn 1 0 0
vn 0 -1 0
vn 0 -1 0
vn 0 -1 0
vn 0 -1 0
vn -1 0 0
vn -1 0 0
vn -1 0 0
vn -1 0 0
vn 0 0 -1
vn 0 0 -1
vn 0 0 -1
vn 0 0 -1
f 985//2953 986//2954 987//2955 988//2956
f 985//2957 988//2958 989//2959 990//2960
f 988//2961 987//2962 991//2963 989//2964
f 987//2965 986//2966 992//2967 991//2968
f 986//2969 985//2970 990//2971 992//2972
f 990//2973 989//2974 991//2975 992//2976
g object_125
v 406.67623694467568 11.999999999999996 21.794885222624831
v 406.67623694467568 9 21.794885222624831
v 411.67623694467568 9 21.794885222624831
v 411.67623694467568 11.999999999999996 21.794885222624831
v 411.67623694467568 11.999999999999996 12.794885222624833
v 406.67623694467568 11.999999999999996 12.794885222624833
v 411.67623694467568 9 12.794885222624833
v 406.67623694467568 9 12.794885222624833
vn 0 0 1
vn 0 0 1
vn 0 0 1
vn 0 0 1
vn 0 1 0
vn 0 1 0
vn 0 1 0
vn 0 1 0
vn 1 0 0
vn 1 0 0
vn 1 0 0
vn 1 0 0
vn 0 -1 0
vn 0 -1 0
vn 0 -1 0
vn 0 -1 0
vn -1 0 0
vn -1 0 0
vn -1 0 0
vn -1 0 0
vn 0 0 -1
vn 0 0 -1
vn 0 0 -1
vn 0 0 -1
f 993//2977 994//2978 995//2979 996//2980
f 993//2981 996//2982 997//2983 998//2984
f 996//2985 995//2986 999//2987 997//2988
f 995//2989 994//2990 1000//2991 999//2992
f 994//2993 993//2994 998//2995 1000//2996
f 998//2997 997//2998 999//2999 1000//3000
g object_126
v 406.67623694467568 21 21.794885222624831
v 406.67623694467568 18 21.794885222624831
v 411.67623694467568 18 21.794885222624831
v 411.67623694467568 21 21.794885222624831
v 411.67623694467568 21 12.794885222624833
v 406.67623694467568 21 12.794885222624833
v 411.67623694467568 18 12.794885222624833
v 406.67623694467568 18 12.794885222624833
vn 0 0 1
vn 0 0 1
vn 0 0 1
vn 0 0 1
vn 0 1 0
vn 0 1 0
vn 0 1 0
vn 0 1 0
vn 1 0 0
vn 1 0 0
vn 1 0 0
vn 1 0 0
vn 0 -1 0
vn 0 -1 0
vn 0 -1 0
vn 0 -1 0
vn -1 0 0
vn -1 0 0
vn -1 0 0
vn -1 0 0
vn 0 0 -1
vn 0 0 -1
vn 0 0 -1
vn 0 0 -1
f 1001//3001 1002//3002 1003//3003 1004//3004
f 1001//3005 1004//3006 1005//3007 1006//3008
f 1004//3009 1003//3010 1007//3011 1005//3012
f 1003//3013 1002//3014 1008//3015 1007//3016
f 1002//3017 1001//3018 1006//3019 1008//3020
f 1006//3021 1005//3022 1007//3023 1008//3024
g object_127
v 391.67623694467568 11.999999999999996 21.794885222624831
v 391.67623694467568 9 21.794885222624831
v 396.67623694467568 9 21.794885222624831
v 396.67623694467568 11.999999999999996 21.794885222624831
v 396.67623694467568 11.999999999999996 15.794885222624831
v 391.67623694467568 11.999999999999996 15.794885222624831
v 396.67623694467568 9 15.794885222624831
v 391.67623694467568 9 15.794885222624831
vn 0 0 1
vn 0 0 1
vn 0 0 1
vn 0 0 1
vn 0 1 0
vn 0 1 0
vn 0 1 0
vn 0 1 0
vn 1 0 0
vn 1 0 0
vn 1 0 0
vn 1 0 0
vn 0 -1 0
vn 0 -1 0
vn 0 -1 0
vn 0 -1 0
vn -1 0 0
vn -1 0 0
vn -1 0 0
vn -1 0 0
vn 0 0 -1
vn 0 0 -1
vn 0 0 -1
vn 0 0 -1
f 1009//3025 1010//3026 1011//3027 1012//3028
f 1009//3029 1012//3030 1013//3031 1014//3032
f 1012//3033 1011//3034 1015//3035 1013//3036
f 1011//3037 1010//3038 1016//3039 1015//3040
f 1010//3041 1009//3042 1014//3043 1016//3044
f 1014//3045 1013//3046 1015//3047 1016//3048
g object_128
v 411.67623694467568 15 21.794885222624831
v 411.67623694467568 11.999999999999996 21.794885222624831
v 416.67623694467568 11.999999999999996 21.794885222624831
v 416.67623694467568 15 21.794885222624831
v 416.67623694467568 15 12.794885222624833
v 411.67623694467568 15 12.794885222624833
v 416.67623694467568 11.999999999999996 12.794885222624833
v 411.67623694467568 11.999999999999996 12.794885222624833
vn 0 0 1
vn 0 0 1
vn 0 0 1
vn 0 0 1
vn 0 1 0
vn 0 1 0
vn 0 1 0
vn 0 1 0
vn 1 0 0
vn 1 0 0
vn 1 0 0
vn 1 0 0
vn 0 -1 0
vn 0 -1 0
vn 0 -1 0
vn 0 -1 0
vn -1 0 0
vn -1 0 0
vn -1 0 0
vn -1 0 0
vn 0 0 -1
vn 0 0 -1
vn 0 0 -1
vn 0 0 -1
f 1017//3049 1018//3050 1019//3051 1020//3052
f 1017//3053 1020//3054 1021//3055 1022//3056
f 1020//3057 1019//3058 1023//3059 1021//3060
f 1019//3061 1018//3062 1024//3063 1023//3064
f 1018//3065 1017//3066 1022//3067 1024//3068
f 1022//3069 1021//3070 1023//3071 1024//3072
g object_129
v 371.67623694467568 15 21.794885222624831
v 371.67623694467568 11.999999999999996 21.794885222624831
v 376.67623694467568 11.999999999999996 21.794885222624831
v 376.67623694467568 15 21.794885222624831
v 376.67623694467568 15 15.794885222624831
v 371.67623694467568 15 15.794885222624831
v 376.67623694467568 11.999999999999996 15.794885222624831
v 371.67623694467568 11.999999999999996 15.794885222624831
vn 0 0 1
vn 0 0 1
vn 0 0 1
vn 0 0 1
vn 0 1 0
vn 0 1 0
vn 0 1 0
vn 0 1 0
vn 1 0 0
vn 1 0 0
vn 1 0 0
vn 1 0 0
vn 0 -1 0
vn 0 -1 0
vn 0 -1 0
vn 0 -1 0
vn -1 0 0
vn -1 0 0
vn -1 0 0
vn -1 0 0
vn 0 0 -1
vn 0 0 -1
vn 0 0 -1
vn 0 0 -1
f 1025//3073 1026//3074 1027//3075 1028//3076
f 1025//3077 1028//3078 1029//3079 1030//3080
f 1028//3081 1027//3082 1031//3083 1029//3084
f 1027//3085 1026//3086 1032//3087 1031//3088
f 1026//3089 1025//3090 1030//3091 1032//3092
f 1030//3093 1029//3094 1031//3095 1032//3096
g object_130
v 391.67623694467568 9 21.794885222624831
v 391.67623694467568 6 21.794885222624831
v 396.67623694467568 6 21.794885222624831
v 396.67623694467568 9 21.794885222624831
v 396.67623694467568 9 14.294885222624833
v 391.67623694467568 9 14.294885222624833
v 396.67623694467568 6 14.294885222624833
v 391.67623694467568 6 14.294885222624833
vn 0 0 1
vn 0 0 1
vn 0 0 1
vn 0 0 1
vn 0 1 0
vn 0 1 0
vn 0 1 0
vn 0 1 0
vn 1 0 0
vn 1 0 0
vn 1 0 0
vn 1 0 0
vn 0 -1 0
vn 0 -1 0
vn 0 -1 0
vn 0 -1 0
vn -1 0 0
vn -1 0 0
vn -1 0 0
vn -1 0 0
vn 0 0 -1
vn 0 0 -1
vn 0 0 -1
vn 0 0 -1
f 1033//3097 1034//3098 1035//3099 1036//3100
f 1033//3101 1036//3102 1037//3103 1038//3104
f 1036//3105 1035//3106 1039//3107 1037//3108
f 1035//3109 1034//3110 1040//3111 1039//3112
f 1034//3113 1033//3114 1038//3115 1040//3116
f 1038//3117 1037//3118 1039//3119 1040//3120
g object_131
v 371.67623694467568 9 21.794885222624831
v 371.67623694467568 6 21.794885222624831
v 376.67623694467568 6 21.794885222624831
v 376.67623694467568 9 21.794885222624831
v 376.67623694467568 9 15.794885222624831
v 371.67623694467568 9 15.794885222624831
v 376.67623694467568 6 15.794885222624831
v 371.67623694467568 6 15.794885222624831
vn 0 0 1
vn 0 0 1
vn 0 0 1
vn 0 0 1
vn 0 1 0
vn 0 1 0
vn 0 1 0
vn 0 1 0
vn 1 0 0
vn 1 0 0
vn 1 0 0
vn 1 0 0
vn 0 -1 0
vn 0 -1 0
vn 0 -1 0
vn 0 -1 0
vn -1 0 0
vn -1 0 0
vn -1 0 0
vn -1 0 0
vn 0 0 -1
vn 0 0 -1
vn 0 0 -1
vn 0 0 -1
f 1041//3121 1042//3122 1043//3123 1044//3124
f 1041//3125 1044//3126 1045//3127 1046//3128
f 1044//3129 1043//3130 1047//3131 1045//3132
f 1043//3133 1042//3134 1048//3135 1047//3136
f 1042//3137 1041//3138 1046//3139 1048//3140
f 1046//3141 1045//3142 1047//3143 1048//3144
g object_132
v 401.67623694467568 11.999999999999996 21.794885222624831
v 401.67623694467568 9 21.794885222624831
v 406.67623694467568 9 21.794885222624831
v 406.67623694467568 11.999999999999996 21.794885222624831
v 406.67623694467568 11.999999999999996 14.294885222624833
v 401.67623694467568 11.999999999999996 14.294885222624833
v 406.67623694467568 9 14.294885222624833
v 401.67623694467568 9 14.294885222624833
vn 0 0 1
vn 0 0 1
vn 0 0 1
vn 0 0 1
vn 0 1 0
vn 0 1 0
vn 0 1 0
vn 0 1 0
vn 1 0 0
vn 1 0 0
vn 1 0 0
vn 1 0 0
vn 0 -1 0
vn 0 -1 0
vn 0 -1 0
vn 0 -1 0
vn -1 0 0
vn -1 0 0
vn -1 0 0
vn -1 0 0
vn 0 0 -1
vn 0 0 -1
vn 0 0 -1
vn 0 0 -1
f 1049//3145 1050//3146 1051//3147 1052//3148
f 1049//3149 1052//3150 1053//3151 1054//3152
f 1052//3153 1051//3154 1055//3155 1053//3156
f 1051//3157 1050//3158 1056//3159 1055//3160
f 1050//3161 1049//3162 1054//3163 1056//3164
f 1054//3165 1053//3166 1055//3167 1056//3168
g object_133
v 411.67623694467568 9 21.794885222624831
v 411.67623694467568 6 21.794885222624831
v 416.67623694467568 6 21.794885222624831
v 416.67623694467568 9 21.794885222624831
v 416.67623694467568 9 15.794885222624831
v 411.67623694467568 9 15.794885222624831
v 416.67623694467568 6 15.794885222624831
v 411.67623694467568 6 15.794885222624831
vn 0 0 1
vn 0 0 1
vn 0 0 1
vn 0 0 1
vn 0 1 0
vn 0 1 0
vn 0 1 0
vn 0 1 0
vn 1 0 0
vn 1 0 0
vn 1 0 0
vn 1 0 0
vn 0 -1 0
vn 0 -1 0
vn 0 -1 0
vn 0 -1 0
vn -1 0 0
vn -1 0 0
vn -1 0 0
vn -1 0 0
vn 0 0 -1
vn 0 0 -1
vn 0 0 -1
vn 0 0 -1
f 1057//3169 1058//3170 1059//3171 1060//3172
f 1057//3173 1060//3174 1061//3175 1062//3176
f 1060//3177 1059//3178 1063//3179 1061//3180
f 1059//3181 1058//3182 1064//3183 1063//3184
f 1058//3185 1057//3186 1062//3187 1064//3188
f 1062//3189 1061//3190 1063//3191 1064//3192
g object_134
v 381.67623694467568 15 21.794885222624831
v 381.67623694467568 11.999999999999996 21.794885222624831
v 386.67623694467568 11.999999999999996 21.794885222624831
v 386.67623694467568 15 21.794885222624831
v 386.67623694467568 15 15.794885222624831
v 381.67623694467568 15 15.794885222624831
v 386.67623694467568 11.999999999999996 15.794885222624831
v 381.67623694467568 11.999999999999996 15.794885222624831
vn 0 0 1
vn 0 0 1
vn 0 0 1
vn 0 0 1
vn 0 1 0
vn 0 1 0
vn 0 1 0
vn 0 1 0
vn 1 0 0
vn 1 0 0
vn 1 0 0
vn 1 0 0
vn 0 -1 0
vn 0 -1 0
vn 0 -1 0
vn 0 -1 0
vn -1 0 0
vn -1 0 0
vn -1 0 0
vn -1 0 0
vn 0 0 -1
vn 0 0 -1
vn 0 0 -1
vn 0 0 -1
f 1065//3193 1066//3194 1067//3195 1068//3196
f 1065//3197 1068//3198 1069//3199 1070//3200
f 1068//3201 1067//3202 1071//3203 1069//3204
f 1067//3205 1066//3206 1072//3207 1071//3208
f 1066//3209 1065//3210 1070//3211 1072//3212
f 1070//3213 1069//3214 1071//3215 1072//3216
g object_135
v 391.67623694467568 21 21.794885222624831
v 391.67623694467568 18 21.794885222624831
v 396.67623694467568 18 21.794885222624831
v 396.67623694467568 21 21.794885222624831
v 396.67623694467568 21 14.294885222624833
v 391.67623694467568 21 14.294885222624833
v 396.67623694467568 18 14.294885222624833
v 391.67623694467568 18 14.294885222624833
vn 0 0 1
vn 0 0 1
vn 0 0 1
vn 0 0 1
vn 0 1 0
vn 0 1 0
vn 0 1 0
vn 0 1 0
vn 1 0 0
vn 1 0 0
vn 1 0 0
vn 1 0 0
vn 0 -1 0
vn 0 -1 0
vn 0 -1 0
vn 0 -1 0
vn -1 0 0
vn -1 0 0
vn -1 0 0
vn -1 0 0
vn 0 0 -1
vn 0 0 -1
vn 0 0 -1
vn 0 0 -1
f 1073//3217 1074//3218 1075//3219 1076//3220
f 1073//3221 1076//3222 1077//3223 1078//3224
f 1076//3225 1075//3226 1079//3227 1077//3228
f 1075//3229 1074//3230 1080//3231 1079//3232
f 1074//3233 1073//3234 1078//3235 1080//3236
f 1078//3237 1077//3238 1079//3239 1080//3240
g object_136
v 376.67623694467568 15 21.794885222624831
v 376.67623694467568 11.999999999999996 21.794885222624831
v 381.67623694467568 11.999999999999996 21.794885222624831
v 381.67623694467568 15 21.794885222624831
v 381.67623694467568 15 15.794885222624831
v 376.67623694467568 15 15.794885222624831
v 381.67623694467568 11.999999999999996 15.794885222624831
v 376.67623694467568 11.999999999999996 15.794885222624831
vn 0 0 1
vn 0 0 1
vn 0 0 1
vn 0 0 1
vn 0 1 0
vn 0 1 0
vn 0 1 0
vn 0 1 0
vn 1 0 0
vn 1 0 0
vn 1 0 0
vn 1 0 0
vn 0 -1 0
vn 0 -1 0
vn 0 -1 0
vn 0 -1 0
vn -1 0 0
vn -1 0 0
vn -1 0 0
vn -1 0 0
vn 0 0 -1
vn 0 0 -1
vn 0 0 -1
vn 0 0 -1
f 1081//3241 1082//3242 1083//3243 1084//3244
f 1081//3245 1084//3246 1085//3247 1086//3248
f 1084//3249 1083//3250 1087//3251 1085//3252
f 1083//3253 1082//3254 1088//3255 1087//3256
f 1082//3257 1081//3258 1086//3259 1088//3260
f 1086//3261 1085//3262 1087//3263 1088//3264
g object_137
v 396.67623694467568 11.999999999999996 21.794885222624831
v 396.67623694467568 9 21.794885222624831
v 401.67623694467568 9 21.794885222624831
v 401.67623694467568 11.999999999999996 21.794885222624831
v 401.67623694467568 11.999999999999996 15.794885222624831
v 396.67623694467568 11.999999999999996 15.794885222624831
v 401.67623694467568 9 15.794885222624831
v 396.67623694467568 9 15.794885222624831
vn 0 0 1
vn 0 0 1
vn 0 0 1
vn 0 0 1
vn 0 1 0
vn 0 1 0
vn 0 1 0
vn 0 1 0
vn 1 0 0
vn 1 0 0
vn 1 0 0
vn 1 0 0
vn 0 -1 0
vn 0 -1 0
vn 0 -1 0
vn 0 -1 0
vn -1 0 0
vn -1 0 0
vn -1 0 0
vn -1 0 0
vn 0 0 -1
vn 0 0 -1
vn 0 0 -1
vn 0 0 -1
f 1089//3265 1090//3266 1091//3267 1092//3268
f 1089//3269 1092//3270 1093//3271 1094//3272
f 1092//3273 1091//3274 1095//3275 1093//3276
f 1091//3277 1090//3278 1096//3279 1095//3280
f 1090//3281 1089//3282 1094//3283 1096//3284
f 1094//3285 1093//3286 1095//3287 1096//3288
g object_138
v 381.67623694467568 9 21.794885222624831
v 381.67623694467568 6 21.794885222624831
v 386.67623694467568 6 21.794885222624831
v 386.67623694467568 9 21.794885222624831
v 386.67623694467568 9 14.294885222624833
v 381.67623694467568 9 14.294885222624833
v 386.67623694467568 6 14.294885222624833
v 381.67623694467568 6 14.294885222624833
vn 0 0 1
vn 0 0 1
vn 0 0 1
vn 0 0 1
vn 0 1 0
vn 0 1 0
vn 0 1 0
vn 0 1 0
vn 1 0 0
vn 1 0 0
vn 1 0 0
vn 1 0 0
vn 0 -1 0
vn 0 -1 0
vn 0 -1 0
vn 0 -1 0
vn -1 0 0
vn -1 0 0
vn -1 0 0
vn -1 0 0
vn 0 0 -1
vn 0 0 -1
vn 0 0 -1
vn 0 0 -1
f 1097//3289 1098//3290 1099//3291 1100//3292
f 1097//3293 1100//3294 1101//3295 1102//3296
f 1100//3297 1099//3298 1103//3299 1101//3300
f 1099//3301 1098//3302 1104//3303 1103//3304
f 1098//3305 1097//3306 1102//3307 1104//3308
f 1102//3309 1101//3310 1103//3311 1104//3312
g object_139
v 401.67623694467568 21 21.794885222624831
v 401.67623694467568 18 21.794885222624831
v 406.67623694467568 18 21.794885222624831
v 406.67623694467568 21 21.794885222624831
v 406.67623694467568 21 14.294885222624833
v 401.67623694467568 21 14.294885222624833
v 406.67623694467568 18 14.294885222624833
v 401.67623694467568 18 14.294885222624833
vn 0 0 1
vn 0 0 1
vn 0 0 1
vn 0 0 1
vn 0 1 0
vn 0 1 0
vn 0 1 0
vn 0 1 0
vn 1 0 0
vn 1 0 0
vn 1 0 0
vn 1 0 0
vn 0 -1 0
vn 0 -1 0
vn 0 -1 0
vn 0 -1 0
vn -1 0 0
vn -1 0 0
vn -1 0 0
vn -1 0 0
vn 0 0 -1
vn 0 0 -1
vn 0 0 -1
vn 0 0 -1
f 1105//3313 1106//3314 1107//3315 1108//3316
f 1105//3317 1108//3318 1109//3319 1110//3320
f 1108//3321 1107//3322 1111//3323 1109//3324
f 1107//3325 1106//3326 1112//3327 1111//3328
f 1106//3329 1105//3330 1110//3331 1112//3332
f 1110//3333 1109//3334 1111//3335 1112//3336
g object_140
v 401.67623694467568 15 21.794885222624831
v 401.67623694467568 11.999999999999996 21.794885222624831
v 406.67623694467568 11.999999999999996 21.794885222624831
v 406.67623694467568 15 21.794885222624831
v 406.67623694467568 15 12.794885222624833
v 401.67623694467568 15 12.794885222624833
v 406.67623694467568 11.999999999999996 12.794885222624833
v 401.67623694467568 11.999999999999996 12.794885222624833
vn 0 0 1
vn 0 0 1
vn 0 0 1
vn 0 0 1
vn 0 1 0
vn 0 1 0
vn 0 1 0
vn 0 1 0
vn 1 0 0
vn 1 0 0
vn 1 0 0
vn 1 0 0
vn 0 -1 0
vn 0 -1 0
vn 0 -1 0
vn 0 -1 0
vn -1 0 0
vn -1 0 0
vn -1 0 0
vn -1 0 0
vn 0 0 -1
vn 0 0 -1
vn 0 0 -1
vn 0 0 -1
f 1113//3337 1114//3338 1115//3339 1116//3340
f 1113//3341 1116//3342 1117//3343 1118//3344
f 1116//3345 1115//3346 1119//3347 1117//3348
f 1115//3349 1114//3350 1120//3351 1119//3352
f 1114//3353 1113//3354 1118//3355 1120//3356
f 1118//3357 1117//3358 1119//3359 1120//3360
g object_141
v 396.67623694467568 15 21.794885222624831
v 396.67623694467568 11.999999999999996 21.794885222624831
v 401.67623694467568 11.999999999999996 21.794885222624831
v 401.67623694467568 15 21.794885222624831
v 401.67623694467568 15 12.794885222624833
v 396.67623694467568 15 12.794885222624833
v 401.67623694467568 11.999999999999996 12.794885222624833
v 396.67623694467568 11.999999999999996 12.794885222624833
vn 0 0 1
vn 0 0 1
vn 0 0 1
vn 0 0 1
vn 0 1 0
vn 0 1 0
vn 0 1 0
vn 0 1 0
vn 1 0 0
vn 1 0 0
vn 1 0 0
vn 1 0 0
vn 0 -1 0
vn 0 -1 0
vn 0 -1 0
vn 0 -1 0
vn -1 0 0
vn -1 0 0
vn -1 0 0
vn -1 0 0
vn 0 0 -1
vn 0 0 -1
vn 0 0 -1
vn 0 0 -1
f 1121//3361 1122//3362 1123//3363 1124//3364
f 1121//3365 1124//3366 1125//3367 1126//3368
f 1124//3369 1123//3370 1127//3371 1125//3372
f 1123//3373 1122//3374 1128//3375 1127//3376
f 1122//3377 1121//3378 1126//3379 1128//3380
f 1126//3381 1125//3382 1127//3383 1128//3384
g object_142
v 381.67623694467568 11.999999999999996 21.794885222624831
v 381.67623694467568 9 21.794885222624831
v 386.67623694467568 9 21.794885222624831
v 386.67623694467568 11.999999999999996 21.794885222624831
v 386.67623694467568 11.999999999999996 14.294885222624833
v 381.67623694467568 11.999999999999996 14.294885222624833
v 386.67623694467568 9 14.294885222624833
v 381.67623694467568 9 14.294885222624833
vn 0 0 1
vn 0 0 1
vn 0 0 1
vn 0 0 1
vn 0 1 0
vn 0 1 0
vn 0 1 0
vn 0 1 0
vn 1 0 0
vn 1 0 0
vn 1 0 0
vn 1 0 0
vn 0 -1 0
vn 0 -1 0
vn 0 -1 0
vn 0 -1 0
vn -1 0 0
vn -1 0 0
vn -1 0 0
vn -1 0 0
vn 0 0 -1
vn 0 0 -1
vn 0 0 -1
vn 0 0 -1
f 1129//3385 1130//3386 1131//3387 1132//3388
f 1129//3389 1132//3390 1133//3391 1134//3392
f 1132//3393 1131//3394 1135//3395 1133//3396
f 1131//3397 1130//3398 1136//3399 1135//3400
f 1130//3401 1129//3402 1134//3403 1136//3404
f 1134//3405 1133//3406 1135//3407 1136//3408
g object_143
v 376.67623694467568 9 21.794885222624831
v 376.67623694467568 6 21.794885222624831
v 381.67623694467568 6 21.794885222624831
v 381.67623694467568 9 21.794885222624831
v 381.67623694467568 9 14.294885222624833
v 376.67623694467568 9 14.294885222624833
v 381.67623694467568 6 14.294885222624833
v 376.67623694467568 6 14.294885222624833
vn 0 0 1
vn 0 0 1
vn 0 0 1
vn 0 0 1
vn 0 1 0
vn 0 1 0
vn 0 1 0
vn 0 1 0
vn 1 0 0
vn 1 0 0
vn 1 0 0
vn 1 0 0
vn 0 -1 0
vn 0 -1 0
vn 0 -1 0
vn 0 -1 0
vn -1 0 0
vn -1 0 0
vn -1 0 0
vn -1 0 0
vn 0 0 -1
vn 0 0 -1
vn 0 0 -1
vn 0 0 -1
f 1137//3409 1138//3410 1139//3411 1140//3412
f 1137//3413 1140//3414 1141//3415 1142//3416
f 1140//3417 1139//3418 1143//3419 1141//3420
f 1139//3421 1138//3422 1144//3423 1143//3424
f 1138//3425 1137//3426 1142//3427 1144//3428
f 1142//3429 1141//3430 1143//3431 1144//3432
g object_144
v 401.67623694467568 18 21.794885222624831
v 401.67623694467568 15 21.794885222624831
v 406.67623694467568 15 21.794885222624831
v 406.67623694467568 18 21.794885222624831
v 406.67623694467568 18 12.794885222624833
v 401.67623694467568 18 12.794885222624833
v 406.67623694467568 15 12.794885222624833
v 401.67623694467568 15 12.794885222624833
vn 0 0 1
vn 0 0 1
vn 0 0 1
vn 0 0 1
vn 0 1 0
vn 0 1 0
vn 0 1 0
vn 0 1 0
vn 1 0 0
vn 1 0 0
vn 1 0 0
vn 1 0 0
vn 0 -1 0
vn 0 -1 0
vn 0 -1 0
vn 0 -1 0
vn -1 0 0
vn -1 0 0
vn -1 0 0
vn -1 0 0
vn 0 0 -1
vn 0 0 -1
vn 0 0 -1
vn 0 0 -1
f 1145//3433 1146//3434 1147//3435 1148//3436
f 1145//3437 1148//3438 1149//3439 1150//3440
f 1148//3441 1147//3442 1151//3443 1149//3444
f 1147//3445 1146//3446 1152//3447 1151//3448
f 1146//3449 1145//3450 1150//3451 1152//3452
f 1150//3453 1149//3454 1151//3455 1152//3456
g object_145
v 381.67623694467568 18 21.794885222624831
v 381.67623694467568 15 21.794885222624831
v 386.67623694467568 15 21.794885222624831
v 386.67623694467568 18 21.794885222624831
v 386.67623694467568 18 14.294885222624833
v 381.67623694467568 18 14.294885222624833
v 386.67623694467568 15 14.294885222624833
v 381.67623694467568 15 14.294885222624833
vn 0 0 1
vn 0 0 1
vn 0 0 1
vn 0 0 1
vn 0 1 0
vn 0 1 0
vn 0 1 0
vn 0 1 0
vn 1 0 0
vn 1 0 0
vn 1 0 0
vn 1 0 0
vn 0 -1 0
vn 0 -1 0
vn 0 -1 0
vn 0 -1 0
vn -1 0 0
vn -1 0 0
vn -1 0 0
vn -1 0 0
vn 0 0 -1
vn 0 0 -1
vn 0 0 -1
vn 0 0 -1
f 1153//3457 1154//3458 1155//3459 1156//3460
f 1153//3461 1156//3462 1157//3463 1158//3464
f 1156//3465 1155//3466 1159//3467 1157//3468
f 1155//3469 1154//3470 1160//3471 1159//3472
f 1154//3473 1153//3474 1158//3475 1160//3476
f 1158//3477 1157//3478 1159//3479 1160//3480
g object_146
v 386.67623694467568 9 21.794885222624831
v 386.67623694467568 6 21.794885222624831
v 391.67623694467568 6 21.794885222624831
v 391.67623694467568 9 21.794885222624831
v 391.67623694467568 9 15.794885222624831
v 386.67623694467568 9 15.794885222624831
v 391.67623694467568 6 15.794885222624831
v 386.67623694467568 6 15.794885222624831
vn 0 0 1
vn 0 0 1
vn 0 0 1
vn 0 0 1
vn 0 1 0
vn 0 1 0
vn 0 1 0
vn 0 1 0
vn 1 0 0
vn 1 0 0
vn 1 0 0
vn 1 0 0
vn 0 -1 0
vn 0 -1 0
vn 0 -1 0
vn 0 -1 0
vn -1 0 0
vn -1 0 0
vn -1 0 0
vn -1 0 0
vn 0 0 -1
vn 0 0 -1
vn 0 0 -1
vn 0 0 -1
f 1161//3481 1162//3482 1163//3483 1164//3484
f 1161//3485 1164//3486 1165//3487 1166//3488
f 1164//3489 1163//3490 1167//3491 1165//3492
f 1163//3493 1162//3494 1168//3495 1167//3496
f 1162//3497 1161//3498 1166//3499 1168//3500
f 1166//3501 1165//3502 1167//3503 1168//3504
g object_147
v 396.67623694467568 9 21.794885222624831
v 396.67623694467568 6 21.794885222624831
v 401.67623694467568 6 21.794885222624831
v 401.67623694467568 9 21.794885222624831
v 401.67623694467568 9 12.794885222624833
v 396.67623694467568 9 12.794885222624833
v 401.67623694467568 6 12.794885222624833
v 396.67623694467568 6 12.794885222624833
vn 0 0 1
vn 0 0 1
vn 0 0 1
vn 0 0 1
vn 0 1 0
vn 0 1 0
vn 0 1 0
vn 0 1 0
vn 1 0 0
vn 1 0 0
vn 1 0 0
vn 1 0 0
vn 0 -1 0
vn 0 -1 0
vn 0 -1 0
vn 0 -1 0
vn -1 0 0
vn -1 0 0
vn -1 0 0
vn -1 0 0
vn 0 0 -1
vn 0 0 -1
vn 0 0 -1
vn 0 0 -1
f 1169//3505 1170//3506 1171//3507 1172//3508
f 1169//3509 1172//3510 1173//3511 1174//3512
f 1172//3513 1171//3514 1175//3515 1173//3516
f 1171//3517 1170//3518 1176//3519 1175//3520
f 1170//3521 1169//3522 1174//3523 1176//3524
f 1174//3525 1173//3526 1175//3527 1176//3528
g object_148
v 391.67623694467568 15 21.794885222624831
v 391.67623694467568 11.999999999999996 21.794885222624831
v 396.67623694467568 11.999999999999996 21.794885222624831
v 396.67623694467568 15 21.794885222624831
v 396.67623694467568 15 12.794885222624833
v 391.67623694467568 15 12.794885222624833
v 396.67623694467568 11.999999999999996 12.794885222624833
v 391.67623694467568 11.999999999999996 12.794885222624833
vn 0 0 1
vn 0 0 1
vn 0 0 1
vn 0 0 1
vn 0 1 0
vn 0 1 0
vn 0 1 0
vn 0 1 0
vn 1 0 0
vn 1 0 0
vn 1 0 0
vn 1 0 0
vn 0 -1 0
vn 0 -1 0
vn 0 -1 0
vn 0 -1 0
vn -1 0 0
vn -1 0 0
vn -1 0 0
vn -1 0 0
vn 0 0 -1
vn 0 0 -1
vn 0 0 -1
vn 0 0 -1
f 1177//3529 1178//3530 1179//3531 1180//3532
f 1177//3533 1180//3534 1181//3535 1182//3536
f 1180//3537 1179//3538 1183//3539 1181//3540
f 1179//3541 1178//3542 1184//3543 1183//3544
f 1178//3545 1177//3546 1182//3547 1184//3548
f 1182//3549 1181//3550 1183//3551 1184//3552
g object_149
v 396.67623694467568 18 21.794885222624831
v 396.67623694467568 15 21.794885222624831
v 401.67623694467568 15 21.794885222624831
v 401.67623694467568 18 21.794885222624831
v 401.67623694467568 18 15.794885222624831
v 396.67623694467568 18 15.794885222624831
v 401.67623694467568 15 15.794885222624831
v 396.67623694467568 15 15.794885222624831
vn 0 0 1
vn 0 0 1
vn 0 0 1
vn 0 0 1
vn 0 1 0
vn 0 1 0
vn 0 1 0
vn 0 1 0
vn 1 0 0
vn 1 0 0
vn 1 0 0
vn 1 0 0
vn 0 -1 0
vn 0 -1 0
vn 0 -1 0
vn 0 -1 0
vn -1 0 0
vn -1 0 0
vn -1 0 0
vn -1 0 0
vn 0 0 -1
vn 0 0 -1
vn 0 0 -1
vn 0 0 -1
f 1185//3553 1186//3554 1187//3555 1188//3556
f 1185//3557 1188//3558 1189//3559 1190//3560
f 1188//3561 1187//3562 1191//3563 1189//3564
f 1187//3565 1186//3566 1192//3567 1191//3568
f 1186//3569 1185//3570 1190//3571 1192//3572
f 1190//3573 1189//3574 1191//3575 1192//3576
g object_150
v 411.67623694467568 18 21.794885222624831
v 411.67623694467568 15 21.794885222624831
v 416.67623694467568 15 21.794885222624831
v 416.67623694467568 18 21.794885222624831
v 416.67623694467568 18 15.794885222624831
v 411.67623694467568 18 15.794885222624831
v 416.67623694467568 15 15.794885222624831
v 411.67623694467568 15 15.794885222624831
vn 0 0 1
vn 0 0 1
vn 0 0 1
vn 0 0 1
vn 0 1 0
vn 0 1 0
vn 0 1 0
vn 0 1 0
vn 1 0 0
vn 1 0 0
vn 1 0 0
vn 1 0 0
vn 0 -1 0
vn 0 -1 0
vn 0 -1 0
vn 0 -1 0
vn -1 0 0
vn -1 0 0
vn -1 0 0
vn -1 0 0
vn 0 0 -1
vn 0 0 -1
vn 0 0 -1
vn 0 0 -1
f 1193//3577 1194//3578 1195//3579 1196//3580
f 1193//3581 1196//3582 1197//3583 1198//3584
f 1196//3585 1195//3586 1199//3587 1197//3588
f 1195//3589 1194//3590 1200//3591 1199//3592
f 1194//3593 1193//3594 1198//3595 1200//3596
f 1198//3597 1197//3598 1199//3599 1200//3600
g object_151
v 396.67623694467568 21 21.794885222624831
v 396.67623694467568 18 21.794885222624831
v 401.67623694467568 18 21.794885222624831
v 401.67623694467568 21 21.794885222624831
v 401.67623694467568 21 14.294885222624833
v 396.67623694467568 21 14.294885222624833
v 401.67623694467568 18 14.294885222624833
v 396.67623694467568 18 14.294885222624833
vn 0 0 1
vn 0 0 1
vn 0 0 1
vn 0 0 1
vn 0 1 0
vn 0 1 0
vn 0 1 0
vn 0 1 0
vn 1 0 0
vn 1 0 0
vn 1 0 0
vn 1 0 0
vn 0 -1 0
vn 0 -1 0
vn 0 -1 0
vn 0 -1 0
vn -1 0 0
vn -1 0 0
vn -1 0 0
vn -1 0 0
vn 0 0 -1
vn 0 0 -1
vn 0 0 -1
vn 0 0 -1
f 1201//3601 1202//3602 1203//3603 1204//3604
f 1201//3605 1204//3606 1205//3607 1206//3608
f 1204//3609 1203//3610 1207//3611 1205//3612
f 1203//3613 1202//3614 1208//3615 1207//3616
f 1202//3617 1201//3618 1206//3619 1208//3620
f 1206//3621 1205//3622 1207//3623 1208//3624
g object_152
v 371.67623694467568 18 21.794885222624831
v 371.67623694467568 15 21.794885222624831
v 376.67623694467568 15 21.794885222624831
v 376.67623694467568 18 21.794885222624831
v 376.67623694467568 18 12.794885222624833
v 371.67623694467568 18 12.794885222624833
v 376.67623694467568 15 12.794885222624833
v 371.67623694467568 15 12.794885222624833
vn 0 0 1
vn 0 0 1
vn 0 0 1
vn 0 0 1
vn 0 1 0
vn 0 1 0
vn 0 1 0
vn 0 1 0
vn 1 0 0
vn 1 0 0
vn 1 0 0
vn 1 0 0
vn 0 -1 0
vn 0 -1 0
vn 0 -1 0
vn 0 -1 0
vn -1 0 0
vn -1 0 0
vn -1 0 0
vn -1 0 0
vn 0 0 -1
vn 0 0 -1
vn 0 0 -1
vn 0 0 -1
f 1209//3625 1210//3626 1211//3627 1212//3628
f 1209//3629 1212//3630 1213//3631 1214//3632
f 1212//3633 1211//3634 1215//3635 1213//3636
f 1211//3637 1210//3638 1216//3639 1215//3640
f 1210//3641 1209//3642 1214//3643 1216//3644
f 1214//3645 1213//3646 1215//3647 1216//3648
g object_153
v 368.67623528843063 6 -15.205114777375172
v 368.67623528843063 9 -15.205114777375172
v 368.67623528843063 9 -20.205114777375172
v 368.67623528843063 6 -20.205114777375172
v 377.67623528843063 6 -20.205114777375172
v 377.67623528843063 6 -15.205114777375172
v 377.67623528843063 9 -20.205114777375172
v 377.67623528843063 9 -15.205114777375172
vn -1 0 0
vn -1 0 0
vn -1 0 0
vn -1 0 0
vn 0 -1 0
vn 0 -1 0
vn 0 -1 0
vn 0 -1 0
vn 0 0 -1
vn 0 0 -1
vn 0 0 -1
vn 0 0 -1
vn 0 1 0
vn 0 1 0
vn 0 1 0
vn 0 1 0
vn 0 0 1
vn 0 0 1
vn 0 0 1
vn 0 0 1
vn 1 0 0
vn 1 0 0
vn 1 0 0
vn 1 0 0
f 1217//3649 1218//3650 1219//3651 1220//3652
f 1217//3653 1220//3654 1221//3655 1222//3656
f 1220//3657 1219//3658 1223//3659 1221//3660
f 1219//3661 1218//3662 1224//3663 1223//3664
f 1218//3665 1217//3666 1222//3667 1224//3668
f 1222//3669 1221//3670 1223//3671 1224//3672
g object_154
v 368.67623528843063 12 -15.205114777375172
v 368.67623528843063 15.000000000000002 -15.205114777375172
v 368.67623528843063 15.000000000000002 -20.205114777375172
v 368.67623528843063 12 -20.205114777375172
v 377.67623528843063 12 -20.205114777375172
v 377.67623528843063 12 -15.205114777375172
v 377.67623528843063 15.000000000000002 -20.205114777375172
v 377.67623528843063 15.000000000000002 -15.205114777375172
vn -1 0 0
vn -1 0 0
vn -1 0 0
vn -1 0 0
vn 0 -1 0
vn 0 -1 0
vn 0 -1 0
vn 0 -1 0
vn 0 0 -1
vn 0 0 -1
vn 0 0 -1
vn 0 0 -1
vn 0 1 0
vn 0 1 0
vn 0 1 0
vn 0 1 0
vn 0 0 1
vn 0 0 1
vn 0 0 1
vn 0 0 1
vn 1 0 0
vn 1 0 0
vn 1 0 0
vn 1 0 0
f 1225//3673 1226//3674 1227//3675 1228//3676
f 1225//3677 1228//3678 1229//3679 1230//3680
f 1228//3681 1227//3682 1231//3683 1229//3684
f 1227//3685 1226//3686 1232//3687 1231//3688
f 1226//3689 1225//3690 1230//3691 1232//3692
f 1230//3693 1229//3694 1231//3695 1232//3696
g object_155
v 368.67623528843063 6 4.7948852226248277
v 368.67623528843063 9 4.7948852226248277
v 368.67623528843063 9 -0.20511477737517225
v 368.67623528843063 6 -0.20511477737517225
v 374.67623528843063 6 -0.20511477737517225
v 374.67623528843063 6 4.7948852226248277
v 374.67623528843063 9 -0.20511477737517225
v 374.67623528843063 9 4.7948852226248277
vn -1 0 0
vn -1 0 0
vn -1 0 0
vn -1 0 0
vn 0 -1 0
vn 0 -1 0
vn 0 -1 0
vn 0 -1 0
vn 0 0 -1
vn 0 0 -1
vn 0 0 -1
vn 0 0 -1
vn 0 1 0
vn 0 1 0
vn 0 1 0
vn 0 1 0
vn 0 0 1
vn 0 0 1
vn 0 0 1
vn 0 0 1
vn 1 0 0
vn 1 0 0
vn 1 0 0
vn 1 0 0
f 1233//3697 1234//3698 1235//3699 1236//3700
f 1233//3701 1236//3702 1237//3703 1238//3704
f 1236//3705 1235//3706 1239//3707 1237//3708
f 1235//3709 1234//3710 1240//3711 1239//3712
f 1234//3713 1233//3714 1238//3715 1240//3716
f 1238//3717 1237//3718 1239//3719 1240//3720
g object_156
v 368.67623528843063 12 4.7948852226248277
v 368.67623528843063 15.000000000000002 4.7948852226248277
v 368.67623528843063 15.000000000000002 -0.20511477737517225
v 368.67623528843063 12 -0.20511477737517225
v 374.67623528843063 12 -0.20511477737517225
v 374.67623528843063 12 4.7948852226248277
v 374.67623528843063 15.000000000000002 -0.20511477737517225
v 374.67623528843063 15.000000000000002 4.7948852226248277
vn -1 0 0
vn -1 0 0
vn -1 0 0
vn -1 0 0
vn 0 -1 0
vn 0 -1 0
vn 0 -1 0
vn 0 -1 0
vn 0 0 -1
vn 0 0 -1
vn 0 0 -1
vn 0 0 -1
vn 0 1 0
vn 0 1 0
vn 0 1 0
vn 0 1 0
vn 0 0 1
vn 0 0 1
vn 0 0 1
vn 0 0 1
vn 1 0 0
vn 1 0 0
vn 1 0 0
vn 1 0 0
f 1241//3721 1242//3722 1243//3723 1244//3724
f 1241//3725 1244//3726 1245//3727 1246//3728
f 1244//3729 1243//3730 1247//3731 1245//3732
f 1243//3733 1242//3734 1248//3735 1247//3736
f 1242//3737 1241//3738 1246//3739 1248//3740
f 1246//3741 1245//3742 1247//3743 1248//3744
g object_157
v 368.67623528843063 9 -5.2051147773751723
v 368.67623528843063 12 -5.2051147773751723
v 368.67623528843063 12 -10.205114777375172
v 368.67623528843063 9 -10.205114777375172
v 377.67623528843063 9 -10.205114777375172
v 377.67623528843063 9 -5.2051147773751723
v 377.67623528843063 12 -10.205114777375172
v 377.67623528843063 12 -5.2051147773751723
vn -1 0 0
vn -1 0 0
vn -1 0 0
vn -1 0 0
vn 0 -1 0
vn 0 -1 0
vn 0 -1 0
vn 0 -1 0
vn 0 0 -1
vn 0 0 -1
vn 0 0 -1
vn 0 0 -1
vn 0 1 0
vn 0 1 0
vn 0 1 0
vn 0 1 0
vn 0 0 1
vn 0 0 1
vn 0 0 1
vn 0 0 1
vn 1 0 0
vn 1 0 0
vn 1 0 0
vn 1 0 0
f 1249//3745 1250//3746 1251//3747 1252//3748
f 1249//3749 1252//3750 1253//3751 1254//3752
f 1252//3753 1251//3754 1255//3755 1253//3756
f 1251//3757 1250//3758 1256//3759 1255//3760
f 1250//3761 1249//3762 1254//3763 1256//3764
f 1254//3765 1253//3766 1255//3767 1256//3768
g object_158
v 368.67623528843063 15.000000000000002 -5.2051147773751723
v 368.67623528843063 18 -5.2051147773751723
v 368.67623528843063 18 -10.205114777375172
v 368.67623528843063 15.000000000000002 -10.205114777375172
v 376.17623528843063 15.000000000000002 -10.205114777375172
v 376.17623528843063 15.000000000000002 -5.2051147773751723
v 376.17623528843063 18 -10.205114777375172
v 376.17623528843063 18 -5.2051147773751723
vn -1 0 0
vn -1 0 0
vn -1 0 0
vn -1 0 0
vn 0 -1 0
vn 0 -1 0
vn 0 -1 0
vn 0 -1 0
vn 0 0 -1
vn 0 0 -1
vn 0 0 -1
vn 0 0 -1
vn 0 1 0
vn 0 1 0
vn 0 1 0
vn 0 1 0
vn 0 0 1
vn 0 0 1
vn 0 0 1
vn 0 0 1
vn 1 0 0
vn 1 0 0
vn 1 0 0
vn 1 0 0
f 1257//3769 1258//3770 1259//3771 1260//3772
f 1257//3773 1260//3774 1261//3775 1262//3776
f 1260//3777 1259//3778 1263//3779 1261//3780
f 1259//3781 1258//3782 1264//3783 1263//3784
f 1258//3785 1257//3786 1262//3787 1264//3788
f 1262//3789 1261//3790 1263//3791 1264//3792
g object_159
v 368.67623528843063 9 -15.205114777375172
v 368.67623528843063 12 -15.205114777375172
v 368.67623528843063 12 -20.205114777375172
v 368.67623528843063 9 -20.205114777375172
v 377.67623528843063 9 -20.205114777375172
v 377.67623528843063 9 -15.205114777375172
v 377.67623528843063 12 -20.205114777375172
v 377.67623528843063 12 -15.205114777375172
vn -1 0 0
vn -1 0 0
vn -1 0 0
vn -1 0 0
vn 0 -1 0
vn 0 -1 0
vn 0 -1 0
vn 0 -1 0
vn 0 0 -1
vn 0 0 -1
vn 0 0 -1
vn 0 0 -1
vn 0 1 0
vn 0 1 0
vn 0 1 0
vn 0 1 0
vn 0 0 1
vn 0 0 1
vn 0 0 1
vn 0 0 1
vn 1 0 0
vn 1 0 0
vn 1 0 0
vn 1 0 0
f 1265//3793 1266//3794 1267//3795 1268//3796
f 1265//3797 1268//3798 1269//3799 1270//3800
f 1268//3801 1267//3802 1271//3803 1269//3804
f 1267//3805 1266//3806 1272//3807 1271//3808
f 1266//3809 1265//3810 1270//3811 1272//3812
f 1270//3813 1269//3814 1271//3815 1272//3816
g object_160
v 368.67623528843063 9 -10.205114777375172
v 368.67623528843063 12 -10.205114777375172
v 368.67623528843063 12 -15.205114777375172
v 368.67623528843063 9 -15.205114777375172
v 374.67623528843063 9 -15.205114777375172
v 374.67623528843063 9 -10.205114777375172
v 374.67623528843063 12 -15.205114777375172
v 374.67623528843063 12 -10.205114777375172
vn -1 0 0
vn -1 0 0
vn -1 0 0
vn -1 0 0
vn 0 -1 0
vn 0 -1 0
vn 0 -1 0
vn 0 -1 0
vn 0 0 -1
vn 0 0 -1
vn 0 0 -1
vn 0 0 -1
vn 0 1 0
vn 0 1 0
vn 0 1 0
vn 0 1 0
vn 0 0 1
vn 0 0 1
vn 0 0 1
vn 0 0 1
vn 1 0 0
vn 1 0 0
vn 1 0 0
vn 1 0 0
f 1273//3817 1274//3818 1275//3819 1276//3820
f 1273//3821 1276//3822 1277//3823 1278//3824
f 1276//3825 1275//3826 1279//3827 1277//3828
f 1275//3829 1274//3830 1280//3831 1279//3832
f 1274//3833 1273//3834 1278//3835 1280//3836
f 1278//3837 1277//3838 1279//3839 1280//3840
g object_161
v 368.67623528843063 12 -30.205114777375172
v 368.67623528843063 15.000000000000002 -30.205114777375172
v 368.67623528843063 15.000000000000002 -35.205114777375172
v 368.67623528843063 12 -35.205114777375172
v 376.17623528843063 12 -35.205114777375172
v 376.17623528843063 12 -30.205114777375172
v 376.17623528843063 15.000000000000002 -35.205114777375172
v 376.17623528843063 15.000000000000002 -30.205114777375172
vn -1 0 0
vn -1 0 0
vn -1 0 0
vn -1 0 0
vn 0 -1 0
vn 0 -1 0
vn 0 -1 0
vn 0 -1 0
vn 0 0 -1
vn 0 0 -1
vn 0 0 -1
vn 0 0 -1
vn 0 1 0
vn 0 1 0
vn 0 1 0
vn 0 1 0
vn 0 0 1
vn 0 0 1
vn 0 0 1
vn 0 0 1
vn 1 0 0
vn 1 0 0
vn 1 0 0
vn 1 0 0
f 1281//3841 1282//3842 1283//3843 1284//3844
f 1281//3845 1284//3846 1285//3847 1286//3848
f 1284//3849 1283//3850 1287//3851 1285//3852
f 1283//3853 1282//3854 1288//3855 1287//3856
f 1282//3857 1281//3858 1286//3859 1288//3860
f 1286//3861 1285//3862 1287//3863 1288//3864
g object_162
v 368.67623528843063 12 -0.20511477737517225
v 368.67623528843063 15.000000000000002 -0.20511477737517225
v 368.67623528843063 15.000000000000002 -5.2051147773751723
v 368.67623528843063 12 -5.2051147773751723
v 374.67623528843063 12 -5.2051147773751723
v 374.67623528843063 12 -0.20511477737517225
v 374.67623528843063 15.000000000000002 -5.2051147773751723
v 374.67623528843063 15.000000000000002 -0.20511477737517225
vn -1 0 0
vn -1 0 0
vn -1 0 0
vn -1 0 0
vn 0 -1 0
vn 0 -1 0
vn 0 -1 0
vn 0 -1 0
vn 0 0 -1
vn 0 0 -1
vn 0 0 -1
vn 0 0 -1
vn 0 1 0
vn 0 1 0
vn 0 1 0
vn 0 1 0
vn 0 0 1
vn 0 0 1
vn 0 0 1
vn 0 0 1
vn 1 0 0
vn 1 0 0
vn 1 0 0
vn 1 0 0
f 1289//3865 1290//3866 1291//3867 1292//3868
f 1289//3869 1292//3870 1293//3871 1294//3872
f 1292//3873 1291//3874 1295//3875 1293//3876
f 1291//3877 1290//3878 1296//3879 1295//3880
f 1290//3881 1289//3882 1294//3883 1296//3884
f 1294//3885 1293//3886 1295//3887 1296//3888
g object_163
v 368.67623528843063 15.000000000000002 4.7948852226248277
v 368.67623528843063 18 4.7948852226248277
v 368.67623528843063 18 -0.20511477737517225
v 368.67623528843063 15.000000000000002 -0.20511477737517225
v 374.67623528843063 15.000000000000002 -0.20511477737517225
v 374.67623528843063 15.000000000000002 4.7948852226248277
v 374.67623528843063 18 -0.20511477737517225
v 374.67623528843063 18 4.7948852226248277
vn -1 0 0
vn -1 0 0
vn -1 0 0
vn -1 0 0
vn 0 -1 0
vn 0 -1 0
vn 0 -1 0
vn 0 -1 0
vn 0 0 -1
vn 0 0 -1
vn 0 0 -1
vn 0 0 -1
vn 0 1 0
vn 0 1 0
vn 0 1 0
vn 0 1 0
vn 0 0 1
vn 0 0 1
vn 0 0 1
vn 0 0 1
vn 1 0 0
vn 1 0 0
vn 1 0 0
vn 1 0 0
f 1297//3889 1298//3890 1299//3891 1300//3892
f 1297//3893 1300//3894 1301//3895 1302//3896
f 1300//3897 1299//3898 1303//3899 1301//3900
f 1299//3901 1298//3902 1304//3903 1303//3904
f 1298//3905 1297//3906 1302//3907 1304//3908
f 1302//3909 1301//3910 1303//3911 1304//3912
g object_164
v 368.67623528843063 6 9.7948852226248277
v 368.67623528843063 9 9.7948852226248277
v 368.67623528843063 9 4.7948852226248277
v 368.67623528843063 6 4.7948852226248277
v 377.67623528843063 6 4.7948852226248277
v 377.67623528843063 6 9.7948852226248277
v 377.67623528843063 9 4.7948852226248277
v 377.67623528843063 9 9.7948852226248277
vn -1 0 0
vn -1 0 0
vn -1 0 0
vn -1 0 0
vn 0 -1 0
vn 0 -1 0
vn 0 -1 0
vn 0 -1 0
vn 0 0 -1
vn 0 0 -1
vn 0 0 -1
vn 0 0 -1
vn 0 1 0
vn 0 1 0
vn 0 1 0
vn 0 1 0
vn 0 0 1
vn 0 0 1
vn 0 0 1
vn 0 0 1
vn 1 0 0
vn 1 0 0
vn 1 0 0
vn 1 0 0
f 1305//3913 1306//3914 1307//3915 1308//3916
f 1305//3917 1308//3918 1309//3919 1310//3920
f 1308//3921 1307//3922 1311//3923 1309//3924
f 1307//3925 1306//3926 1312//3927 1311//3928
f 1306//3929 1305//3930 1310//3931 1312//3932
f 1310//3933 1309//3934 1311//3935 1312//3936
g object_165
v 368.67623528843063 15.000000000000002 -20.205114777375172
v 368.67623528843063 18 -20.205114777375172
v 368.67623528843063 18 -25.205114777375162
v 368.67623528843063 15.000000000000002 -25.205114777375162
v 376.17623528843063 15.000000000000002 -25.205114777375162
v 376.17623528843063 15.000000000000002 -20.205114777375172
v 376.17623528843063 18 -25.205114777375162
v 376.17623528843063 18 -20.205114777375172
vn -1 0 0
vn -1 0 0
vn -1 0 0
vn -1 0 0
vn 0 -1 0
vn 0 -1 0
vn 0 -1 0
vn 0 -1 0
vn 0 0 -1
vn 0 0 -1
vn 0 0 -1
vn 0 0 -1
vn 0 1 0
vn 0 1 0
vn 0 1 0
vn 0 1 0
vn 0 0 1
vn 0 0 1
vn 0 0 1
vn 0 0 1
vn 1 0 0
vn 1 0 0
vn 1 0 0
vn 1 0 0
f 1313//3937 1314//3938 1315//3939 1316//3940
f 1313//3941 1316//3942 1317//3943 1318//3944
f 1316//3945 1315//3946 1319//3947 1317//3948
f 1315//3949 1314//3950 1320//3951 1319//3952
f 1314//3953 1313//3954 1318//3955 1320//3956
f 1318//3957 1317//3958 1319//3959 1320//3960
g object_166
v 368.67623528843063 18 9.7948852226248277
v 368.67623528843063 21 9.7948852226248277
v 368.67623528843063 21 4.7948852226248277
v 368.67623528843063 18 4.7948852226248277
v 377.67623528843063 18 4.7948852226248277
v 377.67623528843063 18 9.7948852226248277
v 377.67623528843063 21 4.7948852226248277
v 377.67623528843063 21 9.7948852226248277
vn -1 0 0
vn -1 0 0
vn -1 0 0
vn -1 0 0
vn 0 -1 0
vn 0 -1 0
vn 0 -1 0
vn 0 -1 0
vn 0 0 -1
vn 0 0 -1
vn 0 0 -1
vn 0 0 -1
vn 0 1 0
vn 0 1 0
vn 0 1 0
vn 0 1 0
vn 0 0 1
vn 0 0 1
vn 0 0 1
vn 0 0 1
vn 1 0 0
vn 1 0 0
vn 1 0 0
vn 1 0 0
f 1321//3961 1322//3962 1323//3963 1324//3964
f 1321//3965 1324//3966 1325//3967 1326//3968
f 1324//3969 1323//3970 1327//3971 1325//3972
f 1323//3973 1322//3974 1328//3975 1327//3976
f 1322//3977 1321//3978 1326//3979 1328//3980
f 1326//3981 1325//3982 1327//3983 1328//3984
g object_167
v 368.67623528843063 6 -0.20511477737517225
v 368.67623528843063 9 -0.20511477737517225
v 368.67623528843063 9 -5.2051147773751723
v 368.67623528843063 6 -5.2051147773751723
v 376.17623528843063 6 -5.2051147773751723
v 376.17623528843063 6 -0.20511477737517225
v 376.17623528843063 9 -5.2051147773751723
v 376.17623528843063 9 -0.20511477737517225
vn -1 0 0
vn -1 0 0
vn -1 0 0
vn -1 0 0
vn 0 -1 0
vn 0 -1 0
vn 0 -1 0
vn 0 -1 0
vn 0 0 -1
vn 0 0 -1
vn 0 0 -1
vn 0 0 -1
vn 0 1 0
vn 0 1 0
vn 0 1 0
vn 0 1 0
vn 0 0 1
vn 0 0 1
vn 0 0 1
vn 0 0 1
vn 1 0 0
vn 1 0 0
vn 1 0 0
vn 1 0 0
f 1329//3985 1330//3986 1331//3987 1332//3988
f 1329//3989 1332//3990 1333//3991 1334//3992
f 1332//3993 1331//3994 1335//3995 1333//3996
f 1331//3997 1330//3998 1336//3999 1335//4000
f 1330//4001 1329//4002 1334//4003 1336//4004
f 1334//4005 1333//4006 1335//4007 1336//4008
g object_168
v 368.67623528843063 6 -30.205114777375172
v 368.67623528843063 9 -30.205114777375172
v 368.67623528843063 9 -35.205114777375172
v 368.67623528843063 6 -35.205114777375172
v 376.17623528843063 6 -35.205114777375172
v 376.17623528843063 6 -30.205114777375172
v 376.17623528843063 9 -35.205114777375172
v 376.17623528843063 9 -30.205114777375172
vn -1 0 0
vn -1 0 0
vn -1 0 0
vn -1 0 0
vn 0 -1 0
vn 0 -1 0
vn 0 -1 0
vn 0 -1 0
vn 0 0 -1
vn 0 0 -1
vn 0 0 -1
vn 0 0 -1
vn 0 1 0
vn 0 1 0
vn 0 1 0
vn 0 1 0
vn 0 0 1
vn 0 0 1
vn 0 0 1
vn 0 0 1
vn 1 0 0
vn 1 0 0
vn 1 0 0
vn 1 0 0
f 1337//4009 1338//4010 1339//4011 1340//4012
f 1337//4013 1340//4014 1341//4015 1342//4016
f 1340//4017 1339//4018 1343//4019 1341//4020
f 1339//4021 1338//4022 1344//4023 1343//4024
f 1338//4025 1337//4026 1342//4027 1344//4028
f 1342//4029 1341//4030 1343//4031 1344//4032
g object_169
v 368.67623528843063 18 -15.205114777375172
v 368.67623528843063 21 -15.205114777375172
v 368.67623528843063 21 -20.205114777375172
v 368.67623528843063 18 -20.205114777375172
v 374.67623528843063 18 -20.205114777375172
v 374.67623528843063 18 -15.205114777375172
v 374.67623528843063 21 -20.205114777375172
v 374.67623528843063 21 -15.205114777375172
vn -1 0 0
vn -1 0 0
vn -1 0 0
vn -1 0 0
vn 0 -1 0
vn 0 -1 0
vn 0 -1 0
vn 0 -1 0
vn 0 0 -1
vn 0 0 -1
vn 0 0 -1
vn 0 0 -1
vn 0 1 0
vn 0 1 0
vn 0 1 0
vn 0 1 0
vn 0 0 1
vn 0 0 1
vn 0 0 1
vn 0 0 1
vn 1 0 0
vn 1 0 0
vn 1 0 0
vn 1 0 0
f 1345//4033 1346//4034 1347//4035 1348//4036
f 1345//4037 1348//4038 1349//4039 1350//4040
f 1348//4041 1347//4042 1351//4043 1349//4044
f 1347//4045 1346//4046 1352//4047 1351//4048
f 1346//4049 1345//4050 1350//4051 1352//4052
f 1350//4053 1349//4054 1351//4055 1352//4056
g object_170
v 368.67623528843063 12 -10.205114777375172
v 368.67623528843063 15.000000000000002 -10.205114777375172
v 368.67623528843063 15.000000000000002 -15.205114777375172
v 368.67623528843063 12 -15.205114777375172
v 376.17623528843063 12 -15.205114777375172
v 376.17623528843063 12 -10.205114777375172
v 376.17623528843063 15.000000000000002 -15.205114777375172
v 376.17623528843063 15.000000000000002 -10.205114777375172
vn -1 0 0
vn -1 0 0
vn -1 0 0
vn -1 0 0
vn 0 -1 0
vn 0 -1 0
vn 0 -1 0
vn 0 -1 0
vn 0 0 -1
vn 0 0 -1
vn 0 0 -1
vn 0 0 -1
vn 0 1 0
vn 0 1 0
vn 0 1 0
vn 0 1 0
vn 0 0 1
vn 0 0 1
vn 0 0 1
vn 0 0 1
vn 1 0 0
vn 1 0 0
vn 1 0 0
vn 1 0 0
f 1353//4057 1354//4058 1355//4059 1356//4060
f 1353//4061 1356//4062 1357//4063 1358//4064
f 1356//4065 1355//4066 1359//4067 1357//4068
f 1355//4069 1354//4070 1360//4071 1359//4072
f 1354//4073 1353//4074 1358//4075 1360//4076
f 1358//4077 1357//4078 1359//4079 1360//4080
g object_171
v 368.67623528843063 12 9.7948852226248277
v 368.67623528843063 15.000000000000002 9.7948852226248277
v 368.67623528843063 15.000000000000002 4.7948852226248277
v 368.67623528843063 12 4.7948852226248277
v 376.17623528843063 12 4.7948852226248277
v 376.17623528843063 12 9.7948852226248277
v 376.17623528843063 15.000000000000002 4.7948852226248277
v 376.17623528843063 15.000000000000002 9.7948852226248277
vn -1 0 0
vn -1 0 0
vn -1 0 0
vn -1 0 0
vn 0 -1 0
vn 0 -1 0
vn 0 -1 0
vn 0 -1 0
vn 0 0 -1
vn 0 0 -1
vn 0 0 -1
vn 0 0 -1
vn 0 1 0
vn 0 1 0
vn 0 1 0
vn 0 1 0
vn 0 0 1
vn 0 0 1
vn 0 0 1
vn 0 0 1
vn 1 0 0
vn 1 0 0
vn 1 0 0
vn 1 0 0
f 1361//4081 1362//4082 1363//4083 1364//4084
f 1361//4085 1364//4086 1365//4087 1366//4088
f 1364//4089 1363//4090 1367//4091 1365//4092
f 1363//4093 1362//4094 1368//4095 1367//4096
f 1362//4097 1361//4098 1366//4099 1368//4100
f 1366//4101 1365//4102 1367//4103 1368//4104
g object_172
v 368.67623528843063 12 -25.205114777375162
v 368.67623528843063 15.000000000000002 -25.205114777375162
v 368.67623528843063 15.000000000000002 -30.205114777375172
v 368.67623528843063 12 -30.205114777375172
v 374.67623528843063 12 -30.205114777375172
v 374.67623528843063 12 -25.205114777375162
v 374.67623528843063 15.000000000000002 -30.205114777375172
v 374.67623528843063 15.000000000000002 -25.205114777375162
vn -1 0 0
vn -1 0 0
vn -1 0 0
vn -1 0 0
vn 0 -1 0
vn 0 -1 0
vn 0 -1 0
vn 0 -1 0
vn 0 0 -1
vn 0 0 -1
vn 0 0 -1
vn 0 0 -1
vn 0 1 0
vn 0 1 0
vn 0 1 0
vn 0 1 0
vn 0 0 1
vn 0 0 1
vn 0 0 1
vn 0 0 1
vn 1 0 0
vn 1 0 0
vn 1 0 0
vn 1 0 0
f 1369//4105 1370//4106 1371//4107 1372//4108
f 1369//4109 1372//4110 1373//4111 1374//4112
f 1372//4113 1371//4114 1375//4115 1373//4116
f 1371//4117 1370//4118 1376//4119 1375//4120
f 1370//4121 1369//4122 1374//4123 1376//4124
f 1374//4125 1373//4126 1375//4127 1376//4128
g object_173
v 368.67623528843063 9 -25.205114777375162
v 368.67623528843063 12 -25.205114777375162
v 368.67623528843063 12 -30.205114777375172
v 368.67623528843063 9 -30.205114777375172
v 376.17623528843063 9 -30.205114777375172
v 376.17623528843063 9 -25.205114777375162
v 376.17623528843063 12 -30.205114777375172
v 376.17623528843063 12 -25.205114777375162
vn -1 0 0
vn -1 0 0
vn -1 0 0
vn -1 0 0
vn 0 -1 0
vn 0 -1 0
vn 0 -1 0
vn 0 -1 0
vn 0 0 -1
vn 0 0 -1
vn 0 0 -1
vn 0 0 -1
vn 0 1 0
vn 0 1 0
vn 0 1 0
vn 0 1 0
vn 0 0 1
vn 0 0 1
vn 0 0 1
vn 0 0 1
vn 1 0 0
vn 1 0 0
vn 1 0 0
vn 1 0 0
f 1377//4129 1378//4130 1379//4131 1380//4132
f 1377//4133 1380//4134 1381//4135 1382//4136
f 1380//4137 1379//4138 1383//4139 1381//4140
f 1379//4141 1378//4142 1384//4143 1383//4144
f 1378//4145 1377//4146 1382//4147 1384//4148
f 1382//4149 1381//4150 1383//4151 1384//4152
g object_174
v 368.67623528843063 12 -5.2051147773751723
v 368.67623528843063 15.000000000000002 -5.2051147773751723
v 368.67623528843063 15.000000000000002 -10.205114777375172
v 368.67623528843063 12 -10.205114777375172
v 376.17623528843063 12 -10.205114777375172
v 376.17623528843063 12 -5.2051147773751723
v 376.17623528843063 15.000000000000002 -10.205114777375172
v 376.17623528843063 15.000000000000002 -5.2051147773751723
vn -1 0 0
vn -1 0 0
vn -1 0 0
vn -1 0 0
vn 0 -1 0
vn 0 -1 0
vn 0 -1 0
vn 0 -1 0
vn 0 0 -1
vn 0 0 -1
vn 0 0 -1
vn 0 0 -1
vn 0 1 0
vn 0 1 0
vn 0 1 0
vn 0 1 0
vn 0 0 1
vn 0 0 1
vn 0 0 1
vn 0 0 1
vn 1 0 0
vn 1 0 0
vn 1 0 0
vn 1 0 0
f 1385//4153 1386//4154 1387//4155 1388//4156
f 1385//4157 1388//4158 1389//4159 1390//4160
f 1388//4161 1387//4162 1391//4163 1389//4164
f 1387//4165 1386//4166 1392//4167 1391//4168
f 1386//4169 1385//4170 1390//4171 1392//4172
f 1390//4173 1389//4174 1391//4175 1392//4176
g object_175
v 368.67623528843063 18 -20.205114777375172
v 368.67623528843063 21 -20.205114777375172
v 368.67623528843063 21 -25.205114777375162
v 368.67623528843063 18 -25.205114777375162
v 374.67623528843063 18 -25.205114777375162
v 374.67623528843063 18 -20.205114777375172
v 374.67623528843063 21 -25.205114777375162
v 374.67623528843063 21 -20.205114777375172
vn -1 0 0
vn -1 0 0
vn -1 0 0
vn -1 0 0
vn 0 -1 0
vn 0 -1 0
vn 0 -1 0
vn 0 -1 0
vn 0 0 -1
vn 0 0 -1
vn 0 0 -1
vn 0 0 -1
vn 0 1 0
vn 0 1 0
vn 0 1 0
vn 0 1 0
vn 0 0 1
vn 0 0 1
vn 0 0 1
vn 0 0 1
vn 1 0 0
vn 1 0 0
vn 1 0 0
vn 1 0 0
f 1393//4177 1394//4178 1395//4179 1396//4180
f 1393//4181 1396//4182 1397//4183 1398//4184
f 1396//4185 1395//4186 1399//4187 1397//4188
f 1395//4189 1394//4190 1400//4191 1399//4192
f 1394//4193 1393//4194 1398//4195 1400//4196
f 1398//4197 1397//4198 1399//4199 1400//4200
g object_176
v 368.67623528843063 9 -20.205114777375172
v 368.67623528843063 12 -20.205114777375172
v 368.67623528843063 12 -25.205114777375162
v 368.67623528843063 9 -25.205114777375162
v 377.67623528843063 9 -25.205114777375162
v 377.67623528843063 9 -20.205114777375172
v 377.67623528843063 12 -25.205114777375162
v 377.67623528843063 12 -20.205114777375172
vn -1 0 0
vn -1 0 0
vn -1 0 0
vn -1 0 0
vn 0 -1 0
vn 0 -1 0
vn 0 -1 0
vn 0 -1 0
vn 0 0 -1
vn 0 0 -1
vn 0 0 -1
vn 0 0 -1
vn 0 1 0
vn 0 1 0
vn 0 1 0
vn 0 1 0
vn 0 0 1
vn 0 0 1
vn 0 0 1
vn 0 0 1
vn 1 0 0
vn 1 0 0
vn 1 0 0
vn 1 0 0
f 1401//4201 1402//4202 1403//4203 1404//4204
f 1401//4205 1404//4206 1405//4207 1406//4208
f 1404//4209 1403//4210 1407//4211 1405//4212
f 1403//4213 1402//4214 1408//4215 1407//4216
f 1402//4217 1401//4218 1406//4219 1408//4220
f 1406//4221 1405//4222 1407//4223 1408//4224
g object_177
v 368.67623528843063 9 -0.20511477737517225
v 368.67623528843063 12 -0.20511477737517225
v 368.67623528843063 12 -5.2051147773751723
v 368.67623528843063 9 -5.2051147773751723
v 374.67623528843063 9 -5.2051147773751723
v 374.67623528843063 9 -0.20511477737517225
v 374.67623528843063 12 -5.2051147773751723
v 374.67623528843063 12 -0.20511477737517225
vn -1 0 0
vn -1 0 0
vn -1 0 0
vn -1 0 0
vn 0 -1 0
vn 0 -1 0
vn 0 -1 0
vn 0 -1 0
vn 0 0 -1
vn 0 0 -1
vn 0 0 -1
vn 0 0 -1
vn 0 1 0
vn 0 1 0
vn 0 1 0
vn 0 1 0
vn 0 0 1
vn 0 0 1
vn 0 0 1
vn 0 0 1
vn 1 0 0
vn 1 0 0
vn 1 0 0
vn 1 0 0
f 1409//4225 1410//4226 1411//4227 1412//4228
f 1409//4229 1412//4230 1413//4231 1414//4232
f 1412//4233 1411//4234 1415//4235 1413//4236
f 1411//4237 1410//4238 1416//4239 1415//4240
f 1410//4241 1409//4242 1414//4243 1416//4244
f 1414//4245 1413//4246 1415//4247 1416//4248
g object_178
v 368.67623528843063 9 9.7948852226248277
v 368.67623528843063 12 9.7948852226248277
v 368.67623528843063 12 4.7948852226248277
v 368.67623528843063 9 4.7948852226248277
v 374.67623528843063 9 4.7948852226248277
v 374.67623528843063 9 9.7948852226248277
v 374.67623528843063 12 4.7948852226248277
v 374.67623528843063 12 9.7948852226248277
vn -1 0 0
vn -1 0 0
vn -1 0 0
vn -1 0 0
vn 0 -1 0
vn 0 -1 0
vn 0 -1 0
vn 0 -1 0
vn 0 0 -1
vn 0 0 -1
vn 0 0 -1
vn 0 0 -1
vn 0 1 0
vn 0 1 0
vn 0 1 0
vn 0 1 0
vn 0 0 1
vn 0 0 1
vn 0 0 1
vn 0 0 1
vn 1 0 0
vn 1 0 0
vn 1 0 0
vn 1 0 0
f 1417//4249 1418//4250 1419//4251 1420//4252
f 1417//4253 1420//4254 1421//4255 1422//4256
f 1420//4257 1419//4258 1423//4259 1421//4260
f 1419//4261 1418//4262 1424//4263 1423//4264
f 1418//4265 1417//4266 1422//4267 1424//4268
f 1422//4269 1421//4270 1423//4271 1424//4272
g object_179
v 368.67623528843063 18 -5.2051147773751723
v 368.67623528843063 21 -5.2051147773751723
v 368.67623528843063 21 -10.205114777375172
v 368.67623528843063 18 -10.205114777375172
v 377.67623528843063 18 -10.205114777375172
v 377.67623528843063 18 -5.2051147773751723
v 377.67623528843063 21 -10.205114777375172
v 377.67623528843063 21 -5.2051147773751723
vn -1 0 0
vn -1 0 0
vn -1 0 0
vn -1 0 0
vn 0 -1 0
vn 0 -1 0
vn 0 -1 0
vn 0 -1 0
vn 0 0 -1
vn 0 0 -1
vn 0 0 -1
vn 0 0 -1
vn 0 1 0
vn 0 1 0
vn 0 1 0
vn 0 1 0
vn 0 0 1
vn 0 0 1
vn 0 0 1
vn 0 0 1
vn 1 0 0
vn 1 0 0
vn 1 0 0
vn 1 0 0
f 1425//4273 1426//4274 1427//4275 1428//4276
f 1425//4277 1428//4278 1429//4279 1430//4280
f 1428//4281 1427//4282 1431//4283 1429//4284
f 1427//4285 1426//4286 1432//4287 1431//4288
f 1426//4289 1425//4290 1430//4291 1432//4292
f 1430//4293 1429//4294 1431//4295 1432//4296
g object_180
v 368.67623528843063 15.000000000000002 -30.205114777375172
v 368.67623528843063 18 -30.205114777375172
v 368.67623528843063 18 -35.205114777375172
v 368.67623528843063 15.000000000000002 -35.205114777375172
v 376.17623528843063 15.000000000000002 -35.205114777375172
v 376.17623528843063 15.000000000000002 -30.205114777375172
v 376.17623528843063 18 -35.205114777375172
v 376.17623528843063 18 -30.205114777375172
vn -1 0 0
vn -1 0 0
vn -1 0 0
vn -1 0 0
vn 0 -1 0
vn 0 -1 0
vn 0 -1 0
vn 0 -1 0
vn 0 0 -1
vn 0 0 -1
vn 0 0 -1
vn 0 0 -1
vn 0 1 0
vn 0 1 0
vn 0 1 0
vn 0 1 0
vn 0 0 1
vn 0 0 1
vn 0 0 1
vn 0 0 1
vn 1 0 0
vn 1 0 0
vn 1 0 0
vn 1 0 0
f 1433//4297 1434//4298 1435//4299 1436//4300
f 1433//4301 1436//4302 1437//4303 1438//4304
f 1436//4305 1435//4306 1439//4307 1437//4308
f 1435//4309 1434//4310 1440//4311 1439//4312
f 1434//4313 1433//4314 1438//4315 1440//4316
f 1438//4317 1437//4318 1439//4319 1440//4320
g object_181
v 368.67623528843063 18 -10.205114777375172
v 368.67623528843063 21 -10.205114777375172
v 368.67623528843063 21 -15.205114777375172
v 368.67623528843063 18 -15.205114777375172
v 376.17623528843063 18 -15.205114777375172
v 376.17623528843063 18 -10.205114777375172
v 376.17623528843063 21 -15.205114777375172
v 376.17623528843063 21 -10.205114777375172
vn -1 0 0
vn -1 0 0
vn -1 0 0
vn -1 0 0
vn 0 -1 0
vn 0 -1 0
vn 0 -1 0
vn 0 -1 0
vn 0 0 -1
vn 0 0 -1
vn 0 0 -1
vn 0 0 -1
vn 0 1 0
vn 0 1 0
vn 0 1 0
vn 0 1 0
vn 0 0 1
vn 0 0 1
vn 0 0 1
vn 0 0 1
vn 1 0 0
vn 1 0 0
vn 1 0 0
vn 1 0 0
f 1441//4321 1442//4322 1443//4323 1444//4324
f 1441//4325 1444//4326 1445//4327 1446//4328
f 1444//4329 1443//4330 1447//4331 1445//4332
f 1443//4333 1442//4334 1448//4335 1447//4336
f 1442//4337 1441//4338 1446//4339 1448//4340
f 1446//4341 1445//4342 1447//4343 1448//4344
g object_182
v 368.67623528843063 18 -25.205114777375162
v 368.67623528843063 21 -25.205114777375162
v 368.67623528843063 21 -30.205114777375172
v 368.67623528843063 18 -30.205114777375172
v 376.17623528843063 18 -30.205114777375172
v 376.17623528843063 18 -25.205114777375162
v 376.17623528843063 21 -30.205114777375172
v 376.17623528843063 21 -25.205114777375162
vn -1 0 0
vn -1 0 0
vn -1 0 0
vn -1 0 0
vn 0 -1 0
vn 0 -1 0
vn 0 -1 0
vn 0 -1 0
vn 0 0 -1
vn 0 0 -1
vn 0 0 -1
vn 0 0 -1
vn 0 1 0
vn 0 1 0
vn 0 1 0
vn 0 1 0
vn 0 0 1
vn 0 0 1
vn 0 0 1
vn 0 0 1
vn 1 0 0
vn 1 0 0
vn 1 0 0
vn 1 0 0
f 1449//4345 1450//4346 1451//4347 1452//4348
f 1449//4349 1452//4350 1453//4351 1454//4352
f 1452//4353 1451//4354 1455//4355 1453//4356
f 1451//4357 1450//4358 1456//4359 1455//4360
f 1450//4361 1449//4362 1454//4363 1456//4364
f 1454//4365 1453//4366 1455//4367 1456//4368
g object_183
v 368.67623528843063 9 4.7948852226248277
v 368.67623528843063 12 4.7948852226248277
v 368.67623528843063 12 -0.20511477737517225
v 368.67623528843063 9 -0.20511477737517225
v 376.17623528843063 9 -0.20511477737517225
v 376.17623528843063 9 4.7948852226248277
v 376.17623528843063 12 -0.20511477737517225
v 376.17623528843063 12 4.7948852226248277
vn -1 0 0
vn -1 0 0
vn -1 0 0
vn -1 0 0
vn 0 -1 0
vn 0 -1 0
vn 0 -1 0
vn 0 -1 0
vn 0 0 -1
vn 0 0 -1
vn 0 0 -1
vn 0 0 -1
vn 0 1 0
vn 0 1 0
vn 0 1 0
vn 0 1 0
vn 0 0 1
vn 0 0 1
vn 0 0 1
vn 0 0 1
vn 1 0 0
vn 1 0 0
vn 1 0 0
vn 1 0 0
f 1457//4369 1458//4370 1459//4371 1460//4372
f 1457//4373 1460//4374 1461//4375 1462//4376
f 1460//4377 1459//4378 1463//4379 1461//4380
f 1459//4381 1458//4382 1464//4383 1463//4384
f 1458//4385 1457//4386 1462//4387 1464//4388
f 1462//4389 1461//4390 1463//4391 1464//4392
g object_184
v 368.67623528843063 18 -0.20511477737517225
v 368.67623528843063 21 -0.20511477737517225
v 368.67623528843063 21 -5.2051147773751723
v 368.67623528843063 18 -5.2051147773751723
v 377.67623528843063 18 -5.2051147773751723
v 377.67623528843063 18 -0.20511477737517225
v 377.67623528843063 21 -5.2051147773751723
v 377.67623528843063 21 -0.20511477737517225
vn -1 0 0
vn -1 0 0
vn -1 0 0
vn -1 0 0
vn 0 -1 0
vn 0 -1 0
vn 0 -1 0
vn 0 -1 0
vn 0 0 -1
vn 0 0 -1
vn 0 0 -1
vn 0 0 -1
vn 0 1 0
vn 0 1 0
vn 0 1 0
vn 0 1 0
vn 0 0 1
vn 0 0 1
vn 0 0 1
vn 0 0 1
vn 1 0 0
vn 1 0 0
vn 1 0 0
vn 1 0 0
f 1465//4393 1466//4394 1467//4395 1468//4396
f 1465//4397 1468//4398 1469//4399 1470//4400
f 1468//4401 1467//4402 1471//4403 1469//4404
f 1467//4405 1466//4406 1472//4407 1471//4408
f 1466//4409 1465//4410 1470//4411 1472//4412
f 1470//4413 1469//4414 1471//4415 1472//4416
g object_185
v 368.67623528843063 15.000000000000002 -15.205114777375172
v 368.67623528843063 18 -15.205114777375172
v 368.67623528843063 18 -20.205114777375172
v 368.67623528843063 15.000000000000002 -20.205114777375172
v 374.67623528843063 15.000000000000002 -20.205114777375172
v 374.67623528843063 15.000000000000002 -15.205114777375172
v 374.67623528843063 18 -20.205114777375172
v 374.67623528843063 18 -15.205114777375172
vn -1 0 0
vn -1 0 0
vn -1 0 0
vn -1 0 0
vn 0 -1 0
vn 0 -1 0
vn 0 -1 0
vn 0 -1 0
vn 0 0 -1
vn 0 0 -1
vn 0 0 -1
vn 0 0 -1
vn 0 1 0
vn 0 1 0
vn 0 1 0
vn 0 1 0
vn 0 0 1
vn 0 0 1
vn 0 0 1
vn 0 0 1
vn 1 0 0
vn 1 0 0
vn 1 0 0
vn 1 0 0
f 1473//4417 1474//4418 1475//4419 1476//4420
f 1473//4421 1476//4422 1477//4423 1478//4424
f 1476//4425 1475//4426 1479//4427 1477//4428
f 1475//4429 1474//4430 1480//4431 1479//4432
f 1474//4433 1473//4434 1478//4435 1480//4436
f 1478//4437 1477//4438 1479//4439 1480//4440
g object_186
v 368.67623528843063 6 -25.205114777375162
v 368.67623528843063 9 -25.205114777375162
v 368.67623528843063 9 -30.205114777375172
v 368.67623528843063 6 -30.205114777375172
v 377.67623528843063 6 -30.205114777375172
v 377.67623528843063 6 -25.205114777375162
v 377.67623528843063 9 -30.205114777375172
v 377.67623528843063 9 -25.205114777375162
vn -1 0 0
vn -1 0 0
vn -1 0 0
vn -1 0 0
vn 0 -1 0
vn 0 -1 0
vn 0 -1 0
vn 0 -1 0
vn 0 0 -1
vn 0 0 -1
vn 0 0 -1
vn 0 0 -1
vn 0 1 0
vn 0 1 0
vn 0 1 0
vn 0 1 0
vn 0 0 1
vn 0 0 1
vn 0 0 1
vn 0 0 1
vn 1 0 0
vn 1 0 0
vn 1 0 0
vn 1 0 0
f 1481//4441 1482//4442 1483//4443 1484//4444
f 1481//4445 1484//4446 1485//4447 1486//4448
f 1484//4449 1483//4450 1487//4451 1485//4452
f 1483//4453 1482//4454 1488//4455 1487//4456
f 1482//4457 1481//4458 1486//4459 1488//4460
f 1486//4461 1485//4462 1487//4463 1488//4464
g object_187
v 368.67623528843063 6 -20.205114777375172
v 368.67623528843063 9 -20.205114777375172
v 368.67623528843063 9 -25.205114777375162
v 368.67623528843063 6 -25.205114777375162
v 376.17623528843063 6 -25.205114777375162
v 376.17623528843063 6 -20.205114777375172
v 376.17623528843063 9 -25.205114777375162
v 376.17623528843063 9 -20.205114777375172
vn -1 0 0
vn -1 0 0
vn -1 0 0
vn -1 0 0
vn 0 -1 0
vn 0 -1 0
vn 0 -1 0
vn 0 -1 0
vn 0 0 -1
vn 0 0 -1
vn 0 0 -1
vn 0 0 -1
vn 0 1 0
vn 0 1 0
vn 0 1 0
vn 0 1 0
vn 0 0 1
vn 0 0 1
vn 0 0 1
vn 0 0 1
vn 1 0 0
vn 1 0 0
vn 1 0 0
vn 1 0 0
f 1489//4465 1490//4466 1491//4467 1492//4468
f 1489//4469 1492//4470 1493//4471 1494//4472
f 1492//4473 1491//4474 1495//4475 1493//4476
f 1491//4477 1490//4478 1496//4479 1495//4480
f 1490//4481 1489//4482 1494//4483 1496//4484
f 1494//4485 1493//4486 1495//4487 1496//4488
g object_188
v 368.67623528843063 15.000000000000002 -0.20511477737517225
v 368.67623528843063 18 -0.20511477737517225
v 368.67623528843063 18 -5.2051147773751723
v 368.67623528843063 15.000000000000002 -5.2051147773751723
v 377.67623528843063 15.000000000000002 -5.2051147773751723
v 377.67623528843063 15.000000000000002 -0.20511477737517225
v 377.67623528843063 18 -5.2051147773751723
v 377.67623528843063 18 -0.20511477737517225
vn -1 0 0
vn -1 0 0
vn -1 0 0
vn -1 0 0
vn 0 -1 0
vn 0 -1 0
vn 0 -1 0
vn 0 -1 0
vn 0 0 -1
vn 0 0 -1
vn 0 0 -1
vn 0 0 -1
vn 0 1 0
vn 0 1 0
vn 0 1 0
vn 0 1 0
vn 0 0 1
vn 0 0 1
vn 0 0 1
vn 0 0 1
vn 1 0 0
vn 1 0 0
vn 1 0 0
vn 1 0 0
f 1497//4489 1498//4490 1499//4491 1500//4492
f 1497//4493 1500//4494 1501//4495 1502//4496
f 1500//4497 1499//4498 1503//4499 1501//4500
f 1499//4501 1498//4502 1504//4503 1503//4504
f 1498//4505 1497//4506 1502//4507 1504//4508
f 1502//4509 1501//4510 1503//4511 1504//4512
g object_189
v 368.67623528843063 15.000000000000002 -10.205114777375172
v 368.67623528843063 18 -10.205114777375172
v 368.67623528843063 18 -15.205114777375172
v 368.67623528843063 15.000000000000002 -15.205114777375172
v 377.67623528843063 15.000000000000002 -15.205114777375172
v 377.67623528843063 15.000000000000002 -10.205114777375172
v 377.67623528843063 18 -15.205114777375172
v 377.67623528843063 18 -10.205114777375172
vn -1 0 0
vn -1 0 0
vn -1 0 0
vn -1 0 0
vn 0 -1 0
vn 0 -1 0
vn 0 -1 0
vn 0 -1 0
vn 0 0 -1
vn 0 0 -1
vn 0 0 -1
vn 0 0 -1
vn 0 1 0
vn 0 1 0
vn 0 1 0
vn 0 1 0
vn 0 0 1
vn 0 0 1
vn 0 0 1
vn 0 0 1
vn 1 0 0
vn 1 0 0
vn 1 0 0
vn 1 0 0
f 1505//4513 1506//4514 1507//4515 1508//4516
f 1505//4517 1508//4518 1509//4519 1510//4520
f 1508//4521 1507//4522 1511//4523 1509//4524
f 1507//4525 1506//4526 1512//4527 1511//4528
f 1506//4529 1505//4530 1510//4531 1512//4532
f 1510//4533 1509//4534 1511//4535 1512//4536
g object_190
v 368.67623528843063 18 4.7948852226248277
v 368.67623528843063 21 4.7948852226248277
v 368.67623528843063 21 -0.20511477737517225
v 368.67623528843063 18 -0.20511477737517225
v 374.67623528843063 18 -0.20511477737517225
v 374.67623528843063 18 4.7948852226248277
v 374.67623528843063 21 -0.20511477737517225
v 374.67623528843063 21 4.7948852226248277
vn -1 0 0
vn -1 0 0
vn -1 0 0
vn -1 0 0
vn 0 -1 0
vn 0 -1 0
vn 0 -1 0
vn 0 -1 0
vn 0 0 -1
vn 0 0 -1
vn 0 0 -1
vn 0 0 -1
vn 0 1 0
vn 0 1 0
vn 0 1 0
vn 0 1 0
vn 0 0 1
vn 0 0 1
vn 0 0 1
vn 0 0 1
vn 1 0 0
vn 1 0 0
vn 1 0 0
vn 1 0 0
f 1513//4537 1514//4538 1515//4539 1516//4540
f 1513//4541 1516//4542 1517//4543 1518//4544
f 1516//4545 1515//4546 1519//4547 1517//4548
f 1515//4549 1514//4550 1520//4551 1519//4552
f 1514//4553 1513//4554 1518//4555 1520//4556
f 1518//4557 1517//4558 1519//4559 1520//4560
g object_191
v 365.67623528843063 11.999999999999996 -25.205114777375162
v 365.67623528843063 9 -25.205114777375162
v 365.67623528843063 9 -30.205114777375172
v 365.67623528843063 11.999999999999996 -30.205114777375172
v 358.17623528843063 11.999999999999996 -30.205114777375172
v 358.17623528843063 11.999999999999996 -25.205114777375162
v 358.17623528843063 9 -30.205114777375172
v 358.17623528843063 9 -25.205114777375162
vn 1 0 0
vn 1 0 0
vn 1 0 0
vn 1 0 0
vn 0 1 0
vn 0 1 0
vn 0 1 0
vn 0 1 0
vn 0 0 -1
vn 0 0 -1
vn 0 0 -1
vn 0 0 -1
vn 0 -1 0
vn 0 -1 0
vn 0 -1 0
vn 0 -1 0
vn 0 0 1
vn 0 0 1
vn 0 0 1
vn 0 0 1
vn -1 0 0
vn -1 0 0
vn -1 0 0
vn -1 0 0
f 1521//4561 1522//4562 1523//4563 1524//4564
f 1521//4565 1524//4566 1525//4567 1526//4568
f 1524//4569 1523//4570 1527//4571 1525//4572
f 1523//4573 1522//4574 1528//4575 1527//4576
f 1522//4577 1521//4578 1526//4579 1528//4580
f 1526//4581 1525//4582 1527//4583 1528//4584
g object_192
v 365.67623528843063 9 -30.205114777375172
v 365.67623528843063 6 -30.205114777375172
v 365.67623528843063 6 -35.205114777375172
v 365.67623528843063 9 -35.205114777375172
v 356.67623528843063 9 -35.205114777375172
v 356.67623528843063 9 -30.205114777375172
v 356.67623528843063 6 -35.205114777375172
v 356.67623528843063 6 -30.205114777375172
vn 1 0 0
vn 1 0 0
vn 1 0 0
vn 1 0 0
vn 0 1 0
vn 0 1 0
vn 0 1 0
vn 0 1 0
vn 0 0 -1
vn 0 0 -1
vn 0 0 -1
vn 0 0 -1
vn 0 -1 0
vn 0 -1 0
vn 0 -1 0
vn 0 -1 0
vn 0 0 1
vn 0 0 1
vn 0 0 1
vn 0 0 1
vn -1 0 0
vn -1 0 0
vn -1 0 0
vn -1 0 0
f 1529//4585 1530//4586 1531//4587 1532//4588
f 1529//4589 1532//4590 1533//4591 1534//4592
f 1532//4593 1531//4594 1535//4595 1533//4596
f 1531//4597 1530//4598 1536//4599 1535//4600
f 1530//4601 1529//4602 1534//4603 1536//4604
f 1534//4605 1533//4606 1535//4607 1536//4608
g object_193
v 365.67623528843063 11.999999999999996 -0.20511477737517225
v 365.67623528843063 9 -0.20511477737517225
v 365.67623528843063 9 -5.2051147773751723
v 365.67623528843063 11.999999999999996 -5.2051147773751723
v 359.67623528843063 11.999999999999996 -5.2051147773751723
v 359.67623528843063 11.999999999999996 -0.20511477737517225
v 359.67623528843063 9 -5.2051147773751723
v 359.67623528843063 9 -0.20511477737517225
vn 1 0 0
vn 1 0 0
vn 1 0 0
vn 1 0 0
vn 0 1 0
vn 0 1 0
vn 0 1 0
vn 0 1 0
vn 0 0 -1
vn 0 0 -1
vn 0 0 -1
vn 0 0 -1
vn 0 -1 0
vn 0 -1 0
vn 0 -1 0
vn 0 -1 0
vn 0 0 1
vn 0 0 1
vn 0 0 1
vn 0 0 1
vn -1 0 0
vn -1 0 0
vn -1 0 0
vn -1 0 0
f 1537//4609 1538//4610 1539//4611 1540//4612
f 1537//4613 1540//4614 1541//4615 1542//4616
f 1540//4617 1539//4618 1543//4619 1541//4620
f 1539//4621 1538//4622 1544//4623 1543//4624
f 1538//4625 1537//4626 1542//4627 1544//4628
f 1542//4629 1541//4630 1543//4631 1544//4632
g object_194
v 365.67623528843063 21 -25.205114777375162
v 365.67623528843063 18 -25.205114777375162
v 365.67623528843063 18 -30.205114777375172
v 365.67623528843063 21 -30.205114777375172
v 359.67623528843063 21 -30.205114777375172
v 359.67623528843063 21 -25.205114777375162
v 359.67623528843063 18 -30.205114777375172
v 359.67623528843063 18 -25.205114777375162
vn 1 0 0
vn 1 0 0
vn 1 0 0
vn 1 0 0
vn 0 1 0
vn 0 1 0
vn 0 1 0
vn 0 1 0
vn 0 0 -1
vn 0 0 -1
vn 0 0 -1
vn 0 0 -1
vn 0 -1 0
vn 0 -1 0
vn 0 -1 0
vn 0 -1 0
vn 0 0 1
vn 0 0 1
vn 0 0 1
vn 0 0 1
vn -1 0 0
vn -1 0 0
vn -1 0 0
vn -1 0 0
f 1545//4633 1546//4634 1547//4635 1548//4636
f 1545//4637 1548//4638 1549//4639 1550//4640
f 1548//4641 1547//4642 1551//4643 1549//4644
f 1547//4645 1546//4646 1552//4647 1551//4648
f 1546//4649 1545//4650 1550//4651 1552//4652
f 1550//4653 1549//4654 1551//4655 1552//4656
g object_195
v 365.67623528843063 21 -0.20511477737517225
v 365.67623528843063 18 -0.20511477737517225
v 365.67623528843063 18 -5.2051147773751723
v 365.67623528843063 21 -5.2051147773751723
v 356.67623528843063 21 -5.2051147773751723
v 356.67623528843063 21 -0.20511477737517225
v 356.67623528843063 18 -5.2051147773751723
v 356.67623528843063 18 -0.20511477737517225
vn 1 0 0
vn 1 0 0
vn 1 0 0
vn 1 0 0
vn 0 1 0
vn 0 1 0
vn 0 1 0
vn 0 1 0
vn 0 0 -1
vn 0 0 -1
vn 0 0 -1
vn 0 0 -1
vn 0 -1 0
vn 0 -1 0
vn 0 -1 0
vn 0 -1 0
vn 0 0 1
vn 0 0 1
vn 0 0 1
vn 0 0 1
vn -1 0 0
vn -1 0 0
vn -1 0 0
vn -1 0 0
f 1553//4657 1554//4658 1555//4659 1556//4660
f 1553//4661 1556//4662 1557//4663 1558//4664
f 1556//4665 1555//4666 1559//4667 1557//4668
f 1555//4669 1554//4670 1560//4671 1559//4672
f 1554//4673 1553//4674 1558//4675 1560//4676
f 1558//4677 1557//4678 1559//4679 1560//4680
g object_196
v 365.67623528843063 15 -15.205114777375172
v 365.67623528843063 11.999999999999996 -15.205114777375172
v 365.67623528843063 11.999999999999996 -20.205114777375172
v 365.67623528843063 15 -20.205114777375172
v 359.67623528843063 15 -20.205114777375172
v 359.67623528843063 15 -15.205114777375172
v 359.67623528843063 11.999999999999996 -20.205114777375172
v 359.67623528843063 11.999999999999996 -15.205114777375172
vn 1 0 0
vn 1 0 0
vn 1 0 0
vn 1 0 0
vn 0 1 0
vn 0 1 0
vn 0 1 0
vn 0 1 0
vn 0 0 -1
vn 0 0 -1
vn 0 0 -1
vn 0 0 -1
vn 0 -1 0
vn 0 -1 0
vn 0 -1 0
vn 0 -1 0
vn 0 0 1
vn 0 0 1
vn 0 0 1
vn 0 0 1
vn -1 0 0
vn -1 0 0
vn -1 0 0
vn -1 0 0
f 1561//4681 1562//4682 1563//4683 1564//4684
f 1561//4685 1564//4686 1565//4687 1566//4688
f 1564//4689 1563//4690 1567//4691 1565//4692
f 1563//4693 1562//4694 1568//4695 1567//4696
f 1562//4697 1561//4698 1566//4699 1568//4700
f 1566//4701 1565//4702 1567//4703 1568//4704
g object_197
v 365.67623528843063 18 9.7948852226248277
v 365.67623528843063 15 9.7948852226248277
v 365.67623528843063 15 4.7948852226248277
v 365.67623528843063 18 4.7948852226248277
v 358.17623528843063 18 4.7948852226248277
v 358.17623528843063 18 9.7948852226248277
v 358.17623528843063 15 4.7948852226248277
v 358.17623528843063 15 9.7948852226248277
vn 1 0 0
vn 1 0 0
vn 1 0 0
vn 1 0 0
vn 0 1 0
vn 0 1 0
vn 0 1 0
vn 0 1 0
vn 0 0 -1
vn 0 0 -1
vn 0 0 -1
vn 0 0 -1
vn 0 -1 0
vn 0 -1 0
vn 0 -1 0
vn 0 -1 0
vn 0 0 1
vn 0 0 1
vn 0 0 1
vn 0 0 1
vn -1 0 0
vn -1 0 0
vn -1 0 0
vn -1 0 0
f 1569//4705 1570//4706 1571//4707 1572//4708
f 1569//4709 1572//4710 1573//4711 1574//4712
f 1572//4713 1571//4714 1575//4715 1573//4716
f 1571//4717 1570//4718 1576//4719 1575//4720
f 1570//4721 1569//4722 1574//4723 1576//4724
f 1574//4725 1573//4726 1575//4727 1576//4728
g object_198
v 365.67623528843063 9 -5.2051147773751723
v 365.67623528843063 6 -5.2051147773751723
v 365.67623528843063 6 -10.205114777375172
v 365.67623528843063 9 -10.205114777375172
v 359.67623528843063 9 -10.205114777375172
v 359.67623528843063 9 -5.2051147773751723
v 359.67623528843063 6 -10.205114777375172
v 359.67623528843063 6 -5.2051147773751723
vn 1 0 0
vn 1 0 0
vn 1 0 0
vn 1 0 0
vn 0 1 0
vn 0 1 0
vn 0 1 0
vn 0 1 0
vn 0 0 -1
vn 0 0 -1
vn 0 0 -1
vn 0 0 -1
vn 0 -1 0
vn 0 -1 0
vn 0 -1 0
vn 0 -1 0
vn 0 0 1
vn 0 0 1
vn 0 0 1
vn 0 0 1
vn -1 0 0
vn -1 0 0
vn -1 0 0
vn -1 0 0
f 1577//4729 1578//4730 1579//4731 1580//4732
f 1577//4733 1580//4734 1581//4735 1582//4736
f 1580//4737 1579//4738 1583//4739 1581//4740
f 1579//4741 1578//4742 1584//4743 1583//4744
f 1578//4745 1577//4746 1582//4747 1584//4748
f 1582//4749 1581//4750 1583//4751 1584//4752
g object_199
v 365.67623528843063 18 -25.205114777375162
v 365.67623528843063 15 -25.205114777375162
v 365.67623528843063 15 -30.205114777375172
v 365.67623528843063 18 -30.205114777375172
v 356.67623528843063 18 -30.205114777375172
v 356.67623528843063 18 -25.205114777375162
v 356.67623528843063 15 -30.205114777375172
v 356.67623528843063 15 -25.205114777375162
vn 1 0 0
vn 1 0 0
vn 1 0 0
vn 1 0 0
vn 0 1 0
vn 0 1 0
vn 0 1 0
vn 0 1 0
vn 0 0 -1
vn 0 0 -1
vn 0 0 -1
vn 0 0 -1
vn 0 -1 0
vn 0 -1 0
vn 0 -1 0
vn 0 -1 0
vn 0 0 1
vn 0 0 1
vn 0 0 1
vn 0 0 1
vn -1 0 0
vn -1 0 0
vn -1 0 0
vn -1 0 0
f 1585//4753 1586//4754 1587//4755 1588//4756
f 1585//4757 1588//4758 1589//4759 1590//4760
f 1588//4761 1587//4762 1591//4763 1589//4764
f 1587//4765 1586//4766 1592//4767 1591//4768
f 1586//4769 1585//4770 1590//4771 1592//4772
f 1590//4773 1589//4774 1591//4775 1592//4776
g object_200
v 365.67623528843063 9 9.7948852226248277
v 365.67623528843063 6 9.7948852226248277
v 365.67623528843063 6 4.7948852226248277
v 365.67623528843063 9 4.7948852226248277
v 358.17623528843063 9 4.7948852226248277
v 358.17623528843063 9 9.7948852226248277
v 358.17623528843063 6 4.7948852226248277
v 358.17623528843063 6 9.7948852226248277
vn 1 0 0
vn 1 0 0
vn 1 0 0
vn 1 0 0
vn 0 1 0
vn 0 1 0
vn 0 1 0
vn 0 1 0
vn 0 0 -1
vn 0 0 -1
vn 0 0 -1
vn 0 0 -1
vn 0 -1 0
vn 0 -1 0
vn 0 -1 0
vn 0 -1 0
vn 0 0 1
vn 0 0 1
vn 0 0 1
vn 0 0 1
vn -1 0 0
vn -1 0 0
vn -1 0 0
vn -1 0 0
f 1593//4777 1594//4778 1595//4779 1596//4780
f 1593//4781 1596//4782 1597//4783 1598//4784
f 1596//4785 1595//4786 1599//4787 1597//4788
f 1595//4789 1594//4790 1600//4791 1599//4792
f 1594//4793 1593//4794 1598//4795 1600//4796
f 1598//4797 1597//4798 1599//4799 1600//4800
g object_201
v 365.67623528843063 11.999999999999996 -30.205114777375172
v 365.67623528843063 9 -30.205114777375172
v 365.67623528843063 9 -35.205114777375172
v 365.67623528843063 11.999999999999996 -35.205114777375172
v 359.67623528843063 11.999999999999996 -35.205114777375172
v 359.67623528843063 11.999999999999996 -30.205114777375172
v 359.67623528843063 9 -35.205114777375172
v 359.67623528843063 9 -30.205114777375172
vn 1 0 0
vn 1 0 0
vn 1 0 0
vn 1 0 0
vn 0 1 0
vn 0 1 0
vn 0 1 0
vn 0 1 0
vn 0 0 -1
vn 0 0 -1
vn 0 0 -1
vn 0 0 -1
vn 0 -1 0
vn 0 -1 0
vn 0 -1 0
vn 0 -1 0
vn 0 0 1
vn 0 0 1
vn 0 0 1
vn 0 0 1
vn -1 0 0
vn -1 0 0
vn -1 0 0
vn -1 0 0
f 1601//4801 1602//4802 1603//4803 1604//4804
f 1601//4805 1604//4806 1605//4807 1606//4808
f 1604//4809 1603//4810 1607//4811 1605//4812
f 1603//4813 1602//4814 1608//4815 1607//4816
f 1602//4817 1601//4818 1606//4819 1608//4820
f 1606//4821 1605//4822 1607//4823 1608//4824
g object_202
v 365.67623528843063 9 -25.205114777375162
v 365.67623528843063 6 -25.205114777375162
v 365.67623528843063 6 -30.205114777375172
v 365.67623528843063 9 -30.205114777375172
v 358.17623528843063 9 -30.205114777375172
v 358.17623528843063 9 -25.205114777375162
v 358.17623528843063 6 -30.205114777375172
v 358.17623528843063 6 -25.205114777375162
vn 1 0 0
vn 1 0 0
vn 1 0 0
vn 1 0 0
vn 0 1 0
vn 0 1 0
vn 0 1 0
vn 0 1 0
vn 0 0 -1
vn 0 0 -1
vn 0 0 -1
vn 0 0 -1
vn 0 -1 0
vn 0 -1 0
vn 0 -1 0
vn 0 -1 0
vn 0 0 1
vn 0 0 1
vn 0 0 1
vn 0 0 1
vn -1 0 0
vn -1 0 0
vn -1 0 0
vn -1 0 0
f 1609//4825 1610//4826 1611//4827 1612//4828
f 1609//4829 1612//4830 1613//4831 1614//4832
f 1612//4833 1611//4834 1615//4835 1613//4836
f 1611//4837 1610//4838 1616//4839 1615//4840
f 1610//4841 1609//4842 1614//4843 1616//4844
f 1614//4845 1613//4846 1615//4847 1616//4848
g object_203
v 365.67623528843063 21 -10.205114777375172
v 365.67623528843063 18 -10.205114777375172
v 365.67623528843063 18 -15.205114777375172
v 365.67623528843063 21 -15.205114777375172
v 356.67623528843063 21 -15.205114777375172
v 356.67623528843063 21 -10.205114777375172
v 356.67623528843063 18 -15.205114777375172
v 356.67623528843063 18 -10.205114777375172
vn 1 0 0
vn 1 0 0
vn 1 0 0
vn 1 0 0
vn 0 1 0
vn 0 1 0
vn 0 1 0
vn 0 1 0
vn 0 0 -1
vn 0 0 -1
vn 0 0 -1
vn 0 0 -1
vn 0 -1 0
vn 0 -1 0
vn 0 -1 0
vn 0 -1 0
vn 0 0 1
vn 0 0 1
vn 0 0 1
vn 0 0 1
vn -1 0 0
vn -1 0 0
vn -1 0 0
vn -1 0 0
f 1617//4849 1618//4850 1619//4851 1620//4852
f 1617//4853 1620//4854 1621//4855 1622//4856
f 1620//4857 1619//4858 1623//4859 1621//4860
f 1619//4861 1618//4862 1624//4863 1623//4864
f 1618//4865 1617//4866 1622//4867 1624//4868
f 1622//4869 1621//4870 1623//4871 1624//4872
g object_204
v 365.67623528843063 15 -20.205114777375172
v 365.67623528843063 11.999999999999996 -20.205114777375172
v 365.67623528843063 11.999999999999996 -25.205114777375162
v 365.67623528843063 15 -25.205114777375162
v 359.67623528843063 15 -25.205114777375162
v 359.67623528843063 15 -20.205114777375172
v 359.67623528843063 11.999999999999996 -25.205114777375162
v 359.67623528843063 11.999999999999996 -20.205114777375172
vn 1 0 0
vn 1 0 0
vn 1 0 0
vn 1 0 0
vn 0 1 0
vn 0 1 0
vn 0 1 0
vn 0 1 0
vn 0 0 -1
vn 0 0 -1
vn 0 0 -1
vn 0 0 -1
vn 0 -1 0
vn 0 -1 0
vn 0 -1 0
vn 0 -1 0
vn 0 0 1
vn 0 0 1
vn 0 0 1
vn 0 0 1
vn -1 0 0
vn -1 0 0
vn -1 0 0
vn -1 0 0
f 1625//4873 1626//4874 1627//4875 1628//4876
f 1625//4877 1628//4878 1629//4879 1630//4880
f 1628//4881 1627//4882 1631//4883 1629//4884
f 1627//4885 1626//4886 1632//4887 1631//4888
f 1626//4889 1625//4890 1630//4891 1632//4892
f 1630//4893 1629//4894 1631//4895 1632//4896
g object_205
v 365.67623528843063 21 4.7948852226248277
v 365.67623528843063 18 4.7948852226248277
v 365.67623528843063 18 -0.20511477737517225
v 365.67623528843063 21 -0.20511477737517225
v 359.67623528843063 21 -0.20511477737517225
v 359.67623528843063 21 4.7948852226248277
v 359.67623528843063 18 -0.20511477737517225
v 359.67623528843063 18 4.7948852226248277
vn 1 0 0
vn 1 0 0
vn 1 0 0
vn 1 0 0
vn 0 1 0
vn 0 1 0
vn 0 1 0
vn 0 1 0
vn 0 0 -1
vn 0 0 -1
vn 0 0 -1
vn 0 0 -1
vn 0 -1 0
vn 0 -1 0
vn 0 -1 0
vn 0 -1 0
vn 0 0 1
vn 0 0 1
vn 0 0 1
vn 0 0 1
vn -1 0 0
vn -1 0 0
vn -1 0 0
vn -1 0 0
f 1633//4897 1634//4898 1635//4899 1636//4900
f 1633//4901 1636//4902 1637//4903 1638//4904
f 1636//4905 1635//4906 1639//4907 1637//4908
f 1635//4909 1634//4910 1640//4911 1639//4912
f 1634//4913 1633//4914 1638//4915 1640//4916
f 1638//4917 1637//4918 1639//4919 1640//4920
g object_206
v 365.67623528843063 18 -10.205114777375172
v 365.67623528843063 15 -10.205114777375172
v 365.67623528843063 15 -15.205114777375172
v 365.67623528843063 18 -15.205114777375172
v 359.67623528843063 18 -15.205114777375172
v 359.67623528843063 18 -10.205114777375172
v 359.67623528843063 15 -15.205114777375172
v 359.67623528843063 15 -10.205114777375172
vn 1 0 0
vn 1 0 0
vn 1 0 0
vn 1 0 0
vn 0 1 0
vn 0 1 0
vn 0 1 0
vn 0 1 0
vn 0 0 -1
vn 0 0 -1
vn 0 0 -1
vn 0 0 -1
vn 0 -1 0
vn 0 -1 0
vn 0 -1 0
vn 0 -1 0
vn 0 0 1
vn 0 0 1
vn 0 0 1
vn 0 0 1
vn -1 0 0
vn -1 0 0
vn -1 0 0
vn -1 0 0
f 1641//4921 1642//4922 1643//4923 1644//4924
f 1641//4925 1644//4926 1645//4927 1646//4928
f 1644//4929 1643//4930 1647//4931 1645//4932
f 1643//4933 1642//4934 1648//4935 1647//4936
f 1642//4937 1641//4938 1646//4939 1648//4940
f 1646//4941 1645//4942 1647//4943 1648//4944
g object_207
v 365.67623528843063 18 -5.2051147773751723
v 365.67623528843063 15 -5.2051147773751723
v 365.67623528843063 15 -10.205114777375172
v 365.67623528843063 18 -10.205114777375172
v 358.17623528843063 18 -10.205114777375172
v 358.17623528843063 18 -5.2051147773751723
v 358.17623528843063 15 -10.205114777375172
v 358.17623528843063 15 -5.2051147773751723
vn 1 0 0
vn 1 0 0
vn 1 0 0
vn 1 0 0
vn 0 1 0
vn 0 1 0
vn 0 1 0
vn 0 1 0
vn 0 0 -1
vn 0 0 -1
vn 0 0 -1
vn 0 0 -1
vn 0 -1 0
vn 0 -1 0
vn 0 -1 0
vn 0 -1 0
vn 0 0 1
vn 0 0 1
vn 0 0 1
vn 0 0 1
vn -1 0 0
vn -1 0 0
vn -1 0 0
vn -1 0 0
f 1649//4945 1650//4946 1651//4947 1652//4948
f 1649//4949 1652//4950 1653//4951 1654//4952
f 1652//4953 1651//4954 1655//4955 1653//4956
f 1651//4957 1650//4958 1656//4959 1655//4960
f 1650//4961 1649//4962 1654//4963 1656//4964
f 1654//4965 1653//4966 1655//4967 1656//4968
g object_208
v 365.67623528843063 9 -15.205114777375172
v 365.67623528843063 6 -15.205114777375172
v 365.67623528843063 6 -20.205114777375172
v 365.67623528843063 9 -20.205114777375172
v 358.17623528843063 9 -20.205114777375172
v 358.17623528843063 9 -15.205114777375172
v 358.17623528843063 6 -20.205114777375172
v 358.17623528843063 6 -15.205114777375172
vn 1 0 0
vn 1 0 0
vn 1 0 0
vn 1 0 0
vn 0 1 0
vn 0 1 0
vn 0 1 0
vn 0 1 0
vn 0 0 -1
vn 0 0 -1
vn 0 0 -1
vn 0 0 -1
vn 0 -1 0
vn 0 -1 0
vn 0 -1 0
vn 0 -1 0
vn 0 0 1
vn 0 0 1
vn 0 0 1
vn 0 0 1
vn -1 0 0
vn -1 0 0
vn -1 0 0
vn -1 0 0
f 1657//4969 1658//4970 1659//4971 1660//4972
f 1657//4973 1660//4974 1661//4975 1662//4976
f 1660//4977 1659//4978 1663//4979 1661//4980
f 1659//4981 1658//4982 1664//4983 1663//4984
f 1658//4985 1657//4986 1662//4987 1664//4988
f 1662//4989 1661//4990 1663//4991 1664//4992
g object_209
v 365.67623528843063 15 -10.205114777375172
v 365.67623528843063 11.999999999999996 -10.205114777375172
v 365.67623528843063 11.999999999999996 -15.205114777375172
v 365.67623528843063 15 -15.205114777375172
v 356.67623528843063 15 -15.205114777375172
v 356.67623528843063 15 -10.205114777375172
v 356.67623528843063 11.999999999999996 -15.205114777375172
v 356.67623528843063 11.999999999999996 -10.205114777375172
vn 1 0 0
vn 1 0 0
vn 1 0 0
vn 1 0 0
vn 0 1 0
vn 0 1 0
vn 0 1 0
vn 0 1 0
vn 0 0 -1
vn 0 0 -1
vn 0 0 -1
vn 0 0 -1
vn 0 -1 0
vn 0 -1 0
vn 0 -1 0
vn 0 -1 0
vn 0 0 1
vn 0 0 1
vn 0 0 1
vn 0 0 1
vn -1 0 0
vn -1 0 0
vn -1 0 0
vn -1 0 0
f 1665//4993 1666//4994 1667//4995 1668//4996
f 1665//4997 1668//4998 1669//4999 1670//5000
f 1668//5001 1667//5002 1671//5003 1669//5004
f 1667//5005 1666//5006 1672//5007 1671//5008
f 1666//5009 1665//5010 1670//5011 1672//5012
f 1670//5013 1669//5014 1671//5015 1672//5016
g object_210
v 365.67623528843063 21 9.7948852226248277
v 365.67623528843063 18 9.7948852226248277
v 365.67623528843063 18 4.7948852226248277
v 365.67623528843063 21 4.7948852226248277
v 358.17623528843063 21 4.7948852226248277
v 358.17623528843063 21 9.7948852226248277
v 358.17623528843063 18 4.7948852226248277
v 358.17623528843063 18 9.7948852226248277
vn 1 0 0
vn 1 0 0
vn 1 0 0
vn 1 0 0
vn 0 1 0
vn 0 1 0
vn 0 1 0
vn 0 1 0
vn 0 0 -1
vn 0 0 -1
vn 0 0 -1
vn 0 0 -1
vn 0 -1 0
vn 0 -1 0
vn 0 -1 0
vn 0 -1 0
vn 0 0 1
vn 0 0 1
vn 0 0 1
vn 0 0 1
vn -1 0 0
vn -1 0 0
vn -1 0 0
vn -1 0 0
f 1673//5017 1674//5018 1675//5019 1676//5020
f 1673//5021 1676//5022 1677//5023 1678//5024
f 1676//5025 1675//5026 1679//5027 1677//5028
f 1675//5029 1674//5030 1680//5031 1679//5032
f 1674//5033 1673//5034 1678//5035 1680//5036
f 1678//5037 1677//5038 1679//5039 1680//5040
g object_211
v 365.67623528843063 18 -20.205114777375172
v 365.67623528843063 15 -20.205114777375172
v 365.67623528843063 15 -25.205114777375162
v 365.67623528843063 18 -25.205114777375162
v 359.67623528843063 18 -25.205114777375162
v 359.67623528843063 18 -20.205114777375172
v 359.67623528843063 15 -25.205114777375162
v 359.67623528843063 15 -20.205114777375172
vn 1 0 0
vn 1 0 0
vn 1 0 0
vn 1 0 0
vn 0 1 0
vn 0 1 0
vn 0 1 0
vn 0 1 0
vn 0 0 -1
vn 0 0 -1
vn 0 0 -1
vn 0 0 -1
vn 0 -1 0
vn 0 -1 0
vn 0 -1 0
vn 0 -1 0
vn 0 0 1
vn 0 0 1
vn 0 0 1
vn 0 0 1
vn -1 0 0
vn -1 0 0
vn -1 0 0
vn -1 0 0
f 1681//5041 1682//5042 1683//5043 1684//5044
f 1681//5045 1684//5046 1685//5047 1686//5048
f 1684//5049 1683//5050 1687//5051 1685//5052
f 1683//5053 1682//5054 1688//5055 1687//5056
f 1682//5057 1681//5058 1686//5059 1688//5060
f 1686//5061 1685//5062 1687//5063 1688//5064
g object_212
v 365.67623528843063 9 -10.205114777375172
v 365.67623528843063 6 -10.205114777375172
v 365.67623528843063 6 -15.205114777375172
v 365.67623528843063 9 -15.205114777375172
v 358.17623528843063 9 -15.205114777375172
v 358.17623528843063 9 -10.205114777375172
v 358.17623528843063 6 -15.205114777375172
v 358.17623528843063 6 -10.205114777375172
vn 1 0 0
vn 1 0 0
vn 1 0 0
vn 1 0 0
vn 0 1 0
vn 0 1 0
vn 0 1 0
vn 0 1 0
vn 0 0 -1
vn 0 0 -1
vn 0 0 -1
vn 0 0 -1
vn 0 -1 0
vn 0 -1 0
vn 0 -1 0
vn 0 -1 0
vn 0 0 1
vn 0 0 1
vn 0 0 1
vn 0 0 1
vn -1 0 0
vn -1 0 0
vn -1 0 0
vn -1 0 0
f 1689//5065 1690//5066 1691//5067 1692//5068
f 1689//5069 1692//5070 1693//5071 1694//5072
f 1692//5073 1691//5074 1695//5075 1693//5076
f 1691//5077 1690//5078 1696//5079 1695//5080
f 1690//5081 1689//5082 1694//5083 1696//5084
f 1694//5085 1693//5086 1695//5087 1696//5088
g object_213
v 365.67623528843063 15 4.7948852226248277
v 365.67623528843063 11.999999999999996 4.7948852226248277
v 365.67623528843063 11.999999999999996 -0.20511477737517225
v 365.67623528843063 15 -0.20511477737517225
v 356.67623528843063 15 -0.20511477737517225
v 356.67623528843063 15 4.7948852226248277
v 356.67623528843063 11.999999999999996 -0.20511477737517225
v 356.67623528843063 11.999999999999996 4.7948852226248277
vn 1 0 0
vn 1 0 0
vn 1 0 0
vn 1 0 0
vn 0 1 0
vn 0 1 0
vn 0 1 0
vn 0 1 0
vn 0 0 -1
vn 0 0 -1
vn 0 0 -1
vn 0 0 -1
vn 0 -1 0
vn 0 -1 0
vn 0 -1 0
vn 0 -1 0
vn 0 0 1
vn 0 0 1
vn 0 0 1
vn 0 0 1
vn -1 0 0
vn -1 0 0
vn -1 0 0
vn -1 0 0
f 1697//5089 1698//5090 1699//5091 1700//5092
f 1697//5093 1700//5094 1701//5095 1702//5096
f 1700//5097 1699//5098 1703//5099 1701//5100
f 1699//5101 1698//5102 1704//5103 1703//5104
f 1698//5105 1697//5106 1702//5107 1704//5108
f 1702//5109 1701//5110 1703//5111 1704//5112
g object_214
v 365.67623528843063 9 -20.205114777375172
v 365.67623528843063 6 -20.205114777375172
v 365.67623528843063 6 -25.205114777375162
v 365.67623528843063 9 -25.205114777375162
v 358.17623528843063 9 -25.205114777375162
v 358.17623528843063 9 -20.205114777375172
v 358.17623528843063 6 -25.205114777375162
v 358.17623528843063 6 -20.205114777375172
vn 1 0 0
vn 1 0 0
vn 1 0 0
vn 1 0 0
vn 0 1 0
vn 0 1 0
vn 0 1 0
vn 0 1 0
vn 0 0 -1
vn 0 0 -1
vn 0 0 -1
vn 0 0 -1
vn 0 -1 0
vn 0 -1 0
vn 0 -1 0
vn 0 -1 0
vn 0 0 1
vn 0 0 1
vn 0 0 1
vn 0 0 1
vn -1 0 0
vn -1 0 0
vn -1 0 0
vn -1 0 0
f 1705//5113 1706//5114 1707//5115 1708//5116
f 1705//5117 1708//5118 1709//5119 1710//5120
f 1708//5121 1707//5122 1711//5123 1709//5124
f 1707//5125 1706//5126 1712//5127 1711//5128
f 1706//5129 1705//5130 1710//5131 1712//5132
f 1710//5133 1709//5134 1711//5135 1712//5136
g object_215
v 365.67623528843063 15 -5.2051147773751723
v 365.67623528843063 11.999999999999996 -5.2051147773751723
v 365.67623528843063 11.999999999999996 -10.205114777375172
v 365.67623528843063 15 -10.205114777375172
v 356.67623528843063 15 -10.205114777375172
v 356.67623528843063 15 -5.2051147773751723
v 356.67623528843063 11.999999999999996 -10.205114777375172
v 356.67623528843063 11.999999999999996 -5.2051147773751723
vn 1 0 0
vn 1 0 0
vn 1 0 0
vn 1 0 0
vn 0 1 0
vn 0 1 0
vn 0 1 0
vn 0 1 0
vn 0 0 -1
vn 0 0 -1
vn 0 0 -1
vn 0 0 -1
vn 0 -1 0
vn 0 -1 0
vn 0 -1 0
vn 0 -1 0
vn 0 0 1
vn 0 0 1
vn 0 0 1
vn 0 0 1
vn -1 0 0
vn -1 0 0
vn -1 0 0
vn -1 0 0
f 1713//5137 1714//5138 1715//5139 1716//5140
f 1713//5141 1716//5142 1717//5143 1718//5144
f 1716//5145 1715//5146 1719//5147 1717//5148
f 1715//5149 1714//5150 1720//5151 1719//5152
f 1714//5153 1713//5154 1718//5155 1720//5156
f 1718//5157 1717//5158 1719//5159 1720//5160
g object_216
v 365.67623528843063 15 -0.20511477737517225
v 365.67623528843063 11.999999999999996 -0.20511477737517225
v 365.67623528843063 11.999999999999996 -5.2051147773751723
v 365.67623528843063 15 -5.2051147773751723
v 358.17623528843063 15 -5.2051147773751723
v 358.17623528843063 15 -0.20511477737517225
v 358.17623528843063 11.999999999999996 -5.2051147773751723
v 358.17623528843063 11.999999999999996 -0.20511477737517225
vn 1 0 0
vn 1 0 0
vn 1 0 0
vn 1 0 0
vn 0 1 0
vn 0 1 0
vn 0 1 0
vn 0 1 0
vn 0 0 -1
vn 0 0 -1
vn 0 0 -1
vn 0 0 -1
vn 0 -1 0
vn 0 -1 0
vn 0 -1 0
vn 0 -1 0
vn 0 0 1
vn 0 0 1
vn 0 0 1
vn 0 0 1
vn -1 0 0
vn -1 0 0
vn -1 0 0
vn -1 0 0
f 1721//5161 1722//5162 1723//5163 1724//5164
f 1721//5165 1724//5166 1725//5167 1726//5168
f 1724//5169 1723//5170 1727//5171 1725//5172
f 1723//5173 1722//5174 1728//5175 1727//5176
f 1722//5177 1721//5178 1726//5179 1728//5180
f 1726//5181 1725//5182 1727//5183 1728//5184
g object_217
v 365.67623528843063 11.999999999999996 9.7948852226248277
v 365.67623528843063 9 9.7948852226248277
v 365.67623528843063 9 4.7948852226248277
v 365.67623528843063 11.999999999999996 4.7948852226248277
v 356.67623528843063 11.999999999999996 4.7948852226248277
v 356.67623528843063 11.999999999999996 9.7948852226248277
v 356.67623528843063 9 4.7948852226248277
v 356.67623528843063 9 9.7948852226248277
vn 1 0 0
vn 1 0 0
vn 1 0 0
vn 1 0 0
vn 0 1 0
vn 0 1 0
vn 0 1 0
vn 0 1 0
vn 0 0 -1
vn 0 0 -1
vn 0 0 -1
vn 0 0 -1
vn 0 -1 0
vn 0 -1 0
vn 0 -1 0
vn 0 -1 0
vn 0 0 1
vn 0 0 1
vn 0 0 1
vn 0 0 1
vn -1 0 0
vn -1 0 0
vn -1 0 0
vn -1 0 0
f 1729//5185 1730//5186 1731//5187 1732//5188
f 1729//5189 1732//5190 1733//5191 1734//5192
f 1732//5193 1731//5194 1735//5195 1733//5196
f 1731//5197 1730//5198 1736//5199 1735//5200
f 1730//5201 1729//5202 1734//5203 1736//5204
f 1734//5205 1733//5206 1735//5207 1736//5208
g object_218
v 365.67623528843063 11.999999999999996 -15.205114777375172
v 365.67623528843063 9 -15.205114777375172
v 365.67623528843063 9 -20.205114777375172
v 365.67623528843063 11.999999999999996 -20.205114777375172
v 358.17623528843063 11.999999999999996 -20.205114777375172
v 358.17623528843063 11.999999999999996 -15.205114777375172
v 358.17623528843063 9 -20.205114777375172
v 358.17623528843063 9 -15.205114777375172
vn 1 0 0
vn 1 0 0
vn 1 0 0
vn 1 0 0
vn 0 1 0
vn 0 1 0
vn 0 1 0
vn 0 1 0
vn 0 0 -1
vn 0 0 -1
vn 0 0 -1
vn 0 0 -1
vn 0 -1 0
vn 0 -1 0
vn 0 -1 0
vn 0 -1 0
vn 0 0 1
vn 0 0 1
vn 0 0 1
vn 0 0 1
vn -1 0 0
vn -1 0 0
vn -1 0 0
vn -1 0 0
f 1737//5209 1738//5210 1739//5211 1740//5212
f 1737//5213 1740//5214 1741//5215 1742//5216
f 1740//5217 1739//5218 1743//5219 1741//5220
f 1739//5221 1738//5222 1744//5223 1743//5224
f 1738//5225 1737//5226 1742//5227 1744//5228
f 1742//5229 1741//5230 1743//5231 1744//5232
g object_219
v 365.67623528843063 15 9.7948852226248277
v 365.67623528843063 11.999999999999996 9.7948852226248277
v 365.67623528843063 11.999999999999996 4.7948852226248277
v 365.67623528843063 15 4.7948852226248277
v 356.67623528843063 15 4.7948852226248277
v 356.67623528843063 15 9.7948852226248277
v 356.67623528843063 11.999999999999996 4.7948852226248277
v 356.67623528843063 11.999999999999996 9.7948852226248277
vn 1 0 0
vn 1 0 0
vn 1 0 0
vn 1 0 0
vn 0 1 0
vn 0 1 0
vn 0 1 0
vn 0 1 0
vn 0 0 -1
vn 0 0 -1
vn 0 0 -1
vn 0 0 -1
vn 0 -1 0
vn 0 -1 0
vn 0 -1 0
vn 0 -1 0
vn 0 0 1
vn 0 0 1
vn 0 0 1
vn 0 0 1
vn -1 0 0
vn -1 0 0
vn -1 0 0
vn -1 0 0
f 1745//5233 1746//5234 1747//5235 1748//5236
f 1745//5237 1748//5238 1749//5239 1750//5240
f 1748//5241 1747//5242 1751//5243 1749//5244
f 1747//5245 1746//5246 1752//5247 1751//5248
f 1746//5249 1745//5250 1750//5251 1752//5252
f 1750//5253 1749//5254 1751//5255 1752//5256
g object_220
v 365.67623528843063 18 -15.205114777375172
v 365.67623528843063 15 -15.205114777375172
v 365.67623528843063 15 -20.205114777375172
v 365.67623528843063 18 -20.205114777375172
v 356.67623528843063 18 -20.205114777375172
v 356.67623528843063 18 -15.205114777375172
v 356.67623528843063 15 -20.205114777375172
v 356.67623528843063 15 -15.205114777375172
vn 1 0 0
vn 1 0 0
vn 1 0 0
vn 1 0 0
vn 0 1 0
vn 0 1 0
vn 0 1 0
vn 0 1 0
vn 0 0 -1
vn 0 0 -1
vn 0 0 -1
vn 0 0 -1
vn 0 -1 0
vn 0 -1 0
vn 0 -1 0
vn 0 -1 0
vn 0 0 1
vn 0 0 1
vn 0 0 1
vn 0 0 1
vn -1 0 0
vn -1 0 0
vn -1 0 0
vn -1 0 0
f 1753//5257 1754//5258 1755//5259 1756//5260
f 1753//5261 1756//5262 1757//5263 1758//5264
f 1756//5265 1755//5266 1759//5267 1757//5268
f 1755//5269 1754//5270 1760//5271 1759//5272
f 1754//5273 1753//5274 1758//5275 1760//5276
f 1758//5277 1757//5278 1759//5279 1760//5280
g object_221
v 365.67623528843063 21 -20.205114777375172
v 365.67623528843063 18 -20.205114777375172
v 365.67623528843063 18 -25.205114777375162
v 365.67623528843063 21 -25.205114777375162
v 359.67623528843063 21 -25.205114777375162
v 359.67623528843063 21 -20.205114777375172
v 359.67623528843063 18 -25.205114777375162
v 359.67623528843063 18 -20.205114777375172
vn 1 0 0
vn 1 0 0
vn 1 0 0
vn 1 0 0
vn 0 1 0
vn 0 1 0
vn 0 1 0
vn 0 1 0
vn 0 0 -1
vn 0 0 -1
vn 0 0 -1
vn 0 0 -1
vn 0 -1 0
vn 0 -1 0
vn 0 -1 0
vn 0 -1 0
vn 0 0 1
vn 0 0 1
vn 0 0 1
vn 0 0 1
vn -1 0 0
vn -1 0 0
vn -1 0 0
vn -1 0 0
f 1761//5281 1762//5282 1763//5283 1764//5284
f 1761//5285 1764//5286 1765//5287 1766//5288
f 1764//5289 1763//5290 1767//5291 1765//5292
f 1763//5293 1762//5294 1768//5295 1767//5296
f 1762//5297 1761//5298 1766//5299 1768//5300
f 1766//5301 1765//5302 1767//5303 1768//5304
g object_222
v 365.67623528843063 18 4.7948852226248277
v 365.67623528843063 15 4.7948852226248277
v 365.67623528843063 15 -0.20511477737517225
v 365.67623528843063 18 -0.20511477737517225
v 359.67623528843063 18 -0.20511477737517225
v 359.67623528843063 18 4.7948852226248277
v 359.67623528843063 15 -0.20511477737517225
v 359.67623528843063 15 4.7948852226248277
vn 1 0 0
vn 1 0 0
vn 1 0 0
vn 1 0 0
vn 0 1 0
vn 0 1 0
vn 0 1 0
vn 0 1 0
vn 0 0 -1
vn 0 0 -1
vn 0 0 -1
vn 0 0 -1
vn 0 -1 0
vn 0 -1 0
vn 0 -1 0
vn 0 -1 0
vn 0 0 1
vn 0 0 1
vn 0 0 1
vn 0 0 1
vn -1 0 0
vn -1 0 0
vn -1 0 0
vn -1 0 0
f 1769//5305 1770//5306 1771//5307 1772//5308
f 1769//5309 1772//5310 1773//5311 1774//5312
f 1772//5313 1771//5314 1775//5315 1773//5316
f 1771//5317 1770//5318 1776//5319 1775//5320
f 1770//5321 1769//5322 1774//5323 1776//5324
f 1774//5325 1773//5326 1775//5327 1776//5328
g object_223
v 365.67623528843063 9 4.7948852226248277
v 365.67623528843063 6 4.7948852226248277
v 365.67623528843063 6 -0.20511477737517225
v 365.67623528843063 9 -0.20511477737517225
v 356.67623528843063 9 -0.20511477737517225
v 356.67623528843063 9 4.7948852226248277
v 356.67623528843063 6 -0.20511477737517225
v 356.67623528843063 6 4.7948852226248277
vn 1 0 0
vn 1 0 0
vn 1 0 0
vn 1 0 0
vn 0 1 0
vn 0 1 0
vn 0 1 0
vn 0 1 0
vn 0 0 -1
vn 0 0 -1
vn 0 0 -1
vn 0 0 -1
vn 0 -1 0
vn 0 -1 0
vn 0 -1 0
vn 0 -1 0
vn 0 0 1
vn 0 0 1
vn 0 0 1
vn 0 0 1
vn -1 0 0
vn -1 0 0
vn -1 0 0
vn -1 0 0
f 1777//5329 1778//5330 1779//5331 1780//5332
f 1777//5333 1780//5334 1781//5335 1782//5336
f 1780//5337 1779//5338 1783//5339 1781//5340
f 1779//5341 1778//5342 1784//5343 1783//5344
f 1778//5345 1777//5346 1782//5347 1784//5348
f 1782//5349 1781//5350 1783//5351 1784//5352
g object_224
v 365.67623528843063 11.999999999999996 -5.2051147773751723
v 365.67623528843063 9 -5.2051147773751723
v 365.67623528843063 9 -10.205114777375172
v 365.67623528843063 11.999999999999996 -10.205114777375172
v 356.67623528843063 11.999999999999996 -10.205114777375172
v 356.67623528843063 11.999999999999996 -5.2051147773751723
v 356.67623528843063 9 -10.205114777375172
v 356.67623528843063 9 -5.2051147773751723
vn 1 0 0
vn 1 0 0
vn 1 0 0
vn 1 0 0
vn 0 1 0
vn 0 1 0
vn 0 1 0
vn 0 1 0
vn 0 0 -1
vn 0 0 -1
vn 0 0 -1
vn 0 0 -1
vn 0 -1 0
vn 0 -1 0
vn 0 -1 0
vn 0 -1 0
vn 0 0 1
vn 0 0 1
vn 0 0 1
vn 0 0 1
vn -1 0 0
vn -1 0 0
vn -1 0 0
vn -1 0 0
f 1785//5353 1786//5354 1787//5355 1788//5356
f 1785//5357 1788//5358 1789//5359 1790//5360
f 1788//5361 1787//5362 1791//5363 1789//5364
f 1787//5365 1786//5366 1792//5367 1791//5368
f 1786//5369 1785//5370 1790//5371 1792//5372
f 1790//5373 1789//5374 1791//5375 1792//5376
g object_225
v 365.67623528843063 11.999999999999996 4.7948852226248277
v 365.67623528843063 9 4.7948852226248277
v 365.67623528843063 9 -0.20511477737517225
v 365.67623528843063 11.999999999999996 -0.20511477737517225
v 356.67623528843063 11.999999999999996 -0.20511477737517225
v 356.67623528843063 11.999999999999996 4.7948852226248277
v 356.67623528843063 9 -0.20511477737517225
v 356.67623528843063 9 4.7948852226248277
vn 1 0 0
vn 1 0 0
vn 1 0 0
vn 1 0 0
vn 0 1 0
vn 0 1 0
vn 0 1 0
vn 0 1 0
vn 0 0 -1
vn 0 0 -1
vn 0 0 -1
vn 0 0 -1
vn 0 -1 0
vn 0 -1 0
vn 0 -1 0
vn 0 -1 0
vn 0 0 1
vn 0 0 1
vn 0 0 1
vn 0 0 1
vn -1 0 0
vn -1 0 0
vn -1 0 0
vn -1 0 0
f 1793//5377 1794//5378 1795//5379 1796//5380
f 1793//5381 1796//5382 1797//5383 1798//5384
f 1796//5385 1795//5386 1799//5387 1797//5388
f 1795//5389 1794//5390 1800//5391 1799//5392
f 1794//5393 1793//5394 1798//5395 1800//5396
f 1798//5397 1797//5398 1799//5399 1800//5400
g object_226
v 365.67623528843063 15 -30.205114777375172
v 365.67623528843063 11.999999999999996 -30.205114777375172
v 365.67623528843063 11.999999999999996 -35.205114777375172
v 365.67623528843063 15 -35.205114777375172
v 358.17623528843063 15 -35.205114777375172
v 358.17623528843063 15 -30.205114777375172
v 358.17623528843063 11.999999999999996 -35.205114777375172
v 358.17623528843063 11.999999999999996 -30.205114777375172
vn 1 0 0
vn 1 0 0
vn 1 0 0
vn 1 0 0
vn 0 1 0
vn 0 1 0
vn 0 1 0
vn 0 1 0
vn 0 0 -1
vn 0 0 -1
vn 0 0 -1
vn 0 0 -1
vn 0 -1 0
vn 0 -1 0
vn 0 -1 0
vn 0 -1 0
vn 0 0 1
vn 0 0 1
vn 0 0 1
vn 0 0 1
vn -1 0 0
vn -1 0 0
vn -1 0 0
vn -1 0 0
f 1801//5401 1802//5402 1803//5403 1804//5404
f 1801//5405 1804//5406 1805//5407 1806//5408
f 1804//5409 1803//5410 1807//5411 1805//5412
f 1803//5413 1802//5414 1808//5415 1807//5416
f 1802//5417 1801//5418 1806//5419 1808//5420
f 1806//5421 1805//5422 1807//5423 1808//5424
g object_227
v 365.67623528843063 15 -25.205114777375162
v 365.67623528843063 11.999999999999996 -25.205114777375162
v 365.67623528843063 11.999999999999996 -30.205114777375172
v 365.67623528843063 15 -30.205114777375172
v 356.67623528843063 15 -30.205114777375172
v 356.67623528843063 15 -25.205114777375162
v 356.67623528843063 11.999999999999996 -30.205114777375172
v 356.67623528843063 11.999999999999996 -25.205114777375162
vn 1 0 0
vn 1 0 0
vn 1 0 0
vn 1 0 0
vn 0 1 0
vn 0 1 0
vn 0 1 0
vn 0 1 0
vn 0 0 -1
vn 0 0 -1
vn 0 0 -1
vn 0 0 -1
vn 0 -1 0
vn 0 -1 0
vn 0 -1 0
vn 0 -1 0
vn 0 0 1
vn 0 0 1
vn 0 0 1
vn 0 0 1
vn -1 0 0
vn -1 0 0
vn -1 0 0
vn -1 0 0
f 1809//5425 1810//5426 1811//5427 1812//5428
f 1809//5429 1812//5430 1813//5431 1814//5432
f 1812//5433 1811//5434 1815//5435 1813//5436
f 1811//5437 1810//5438 1816//5439 1815//5440
f 1810//5441 1809//5442 1814//5443 1816//5444
f 1814//5445 1813//5446 1815//5447 1816//5448
g object_228
v 365.67623528843063 21 -30.205114777375172
v 365.67623528843063 18 -30.205114777375172
v 365.67623528843063 18 -35.205114777375172
v 365.67623528843063 21 -35.205114777375172
v 358.17623528843063 21 -35.205114777375172
v 358.17623528843063 21 -30.205114777375172
v 358.17623528843063 18 -35.205114777375172
v 358.17623528843063 18 -30.205114777375172
vn 1 0 0
vn 1 0 0
vn 1 0 0
vn 1 0 0
vn 0 1 0
vn 0 1 0
vn 0 1 0
vn 0 1 0
vn 0 0 -1
vn 0 0 -1
vn 0 0 -1
vn 0 0 -1
vn 0 -1 0
vn 0 -1 0
vn 0 -1 0
vn 0 -1 0
vn 0 0 1
vn 0 0 1
vn 0 0 1
vn 0 0 1
vn -1 0 0
vn -1 0 0
vn -1 0 0
vn -1 0 0
f 1817//5449 1818//5450 1819//5451 1820//5452
f 1817//5453 1820//5454 1821//5455 1822//5456
f 1820//5457 1819//5458 1823//5459 1821//5460
f 1819//5461 1818//5462 1824//5463 1823//5464
f 1818//5465 1817//5466 1822//5467 1824//5468
f 1822//5469 1821//5470 1823//5471 1824//5472
